id,email,username,password,firstName,lastName,address,phoneNumber,user_role
1,admin.admin.com,admin,password,super,admin,14431 Hansons Pass,371-172-3388,1
2,user@user.com.user,password,RKbrgX9rodE8,simple,user,53 Blue Bill Park Court,612-514-2229,2
3,mbrandacci2@godaddy.com,mbrandacci2,9tGfnSGl,Mikol,Brandacci,550 Mccormick Park,442-335-9925,1
4,omidgely3@stanford.edu,omidgely3,9svAE7Q,Ogdon,Midgely,31 Londonderry Trail,952-784-4750,1
5,erheaume4@t-online.de,erheaume4,C32r1DPVC,Eddie,Rheaume,2932 Miller Circle,860-413-8573,1
6,jcarlill5@webs.com,jcarlill5,5rQC7YuI,Jennie,Carlill,8 Granby Circle,775-180-2328,1
7,dschwanden6@psu.edu,dschwanden6,pPM0Yt,Deonne,Schwanden,885 Hudson Park,603-331-5272,1
8,rhaward7@4shared.com,rhaward7,Iv8XKmPrMKi,Roz,Haward,3033 Eastwood Lane,974-521-6550,1
9,ccatterson8@seattletimes.com,ccatterson8,1ORkUVs,Constance,Catterson,0747 Susan Lane,619-570-2589,2
10,eshackesby9@statcounter.com,eshackesby9,OzWM6NyT,Esther,Shackesby,1475 Nevada Street,909-789-0926,1
11,nmccunna@purevolume.com,nmccunna,UCTu6oQvkE,Nan,McCunn,568 Algoma Plaza,174-606-9812,1
12,jjoryb@wikispaces.com,jjoryb,IeZcwJAR,Jan,Jory,9 Darwin Crossing,275-272-2168,2
13,lboxellc@newsvine.com,lboxellc,JNztAGI3wM,Lindy,Boxell,57 Debs Junction,556-275-5116,1
14,eclemenzod@ihg.com,eclemenzod,PgKEESskEpNV,Evita,Clemenzo,4 Everett Alley,286-419-1614,1
15,ffowelle@alibaba.com,ffowelle,QqVMp4W,Fritz,Fowell,458 Debra Street,712-498-8301,2
16,cmobberleyf@blogger.com,cmobberleyf,UZKyiIkoj,Cassie,Mobberley,803 Declaration Street,716-402-7267,2
17,ghaddingtong@huffingtonpost.com,ghaddingtong,1c4PNt15fa,Glennie,Haddington,083 Pond Terrace,427-351-8243,1
18,scolcombh@wikipedia.org,scolcombh,dRfR3wYUXV77,Saw,Colcomb,8295 Burning Wood Pass,530-647-2378,2
19,mshakespeari@google.co.jp,mshakespeari,c1tL7Bp,Marlane,Shakespear,9 Sundown Crossing,290-635-6197,2
20,scardooj@va.gov,scardooj,K7DtQFD7,Sid,Cardoo,2370 Union Road,686-361-0622,1
21,rdedamk@spiegel.de,rdedamk,r1Zxhf,Roseline,Dedam,77 Tomscot Terrace,159-219-1909,1
22,wjellardl@prnewswire.com,wjellardl,utODoPnVbqg,Wylie,Jellard,9940 Summit Hill,207-747-3970,2
23,mloxdalem@patch.com,mloxdalem,qyD1rh,Maegan,Loxdale,2 Walton Hill,797-142-5156,2
24,gkreuzern@goodreads.com,gkreuzern,UVBTw3,Georgeanna,Kreuzer,2343 Messerschmidt Circle,674-954-0677,2
25,dhullocko@posterous.com,dhullocko,ZlRZ383QEt,Duffy,Hullock,3529 Arizona Park,729-738-2522,2
26,awalchp@cpanel.net,awalchp,Jg2WfzY,Ariela,Walch,335 Debs Center,515-819-1106,2
27,kciubutaroq@samsung.com,kciubutaroq,EZKOutXjnnzo,Kimball,Ciubutaro,80584 Corry Drive,647-937-0400,2
28,pfawksr@sphinn.com,pfawksr,a53n0ZmJOiKI,Price,Fawks,035 Stephen Junction,510-424-7154,1
29,jclues@wiley.com,jclues,0MlaFL9e1hm,Jenny,Clue,3702 South Terrace,432-600-0188,1
30,rjeffriest@google.ru,rjeffriest,nFXRIzQ,Reggy,Jeffries,1824 Spenser Circle,900-909-7292,2
31,icolombu@mashable.com,icolombu,0jeVsPdG,Ignatius,Colomb,14 Veith Pass,757-398-0469,1
32,gmcfiev@patch.com,gmcfiev,0Ve5Nj,Gates,McFie,443 Havey Parkway,225-963-4890,1
33,pdunphiew@xrea.com,pdunphiew,qvbIQPJd,Pansy,Dunphie,935 Dwight Trail,312-195-8640,2
34,nrolingsonx@ovh.net,nrolingsonx,ioMVfDlA0,Nadya,Rolingson,30432 Ridgeway Street,654-266-4318,2
35,asmurfity@etsy.com,asmurfity,BVzu9TyzK6S2,Alyson,Smurfit,667 Riverside Circle,236-816-7086,1
36,cratcliffez@woothemes.com,cratcliffez,tAMhlc9X,Cristobal,Ratcliffe,96 Doe Crossing Crossing,783-686-7267,1
37,dgiffen10@wikispaces.com,dgiffen10,VX8yh20h,Domeniga,Giffen,9639 Bowman Way,113-637-1090,2
38,mlacroux11@blog.com,mlacroux11,Li5yTeARtd,Marianne,Lacroux,02424 Cordelia Junction,435-116-2692,1
39,iwiburn12@facebook.com,iwiburn12,gqY1ZGkPvoP,Ivie,Wiburn,61 Reindahl Plaza,317-495-6827,2
40,orysom13@guardian.co.uk,orysom13,i89cPa,Odetta,Rysom,0 Gina Street,988-115-5904,2
41,sbroad14@smh.com.au,sbroad14,RqZF6WD99z,Selena,Broad,2 Arizona Parkway,553-933-7718,2
42,tastridge15@flavors.me,tastridge15,JBy8y2Hspik,Thayne,Astridge,18 Anniversary Way,934-155-6704,2
43,rgymlett16@csmonitor.com,rgymlett16,NWoEST,Rhiamon,Gymlett,64026 Ruskin Place,913-890-6809,2
44,jchamp17@google.co.uk,jchamp17,SYaBVtTMw,Jessy,Champ,0176 Schurz Terrace,194-537-7135,1
45,mhowood18@wordpress.com,mhowood18,mxEoSpeKr,Madeline,Howood,48 Hovde Terrace,138-211-1438,1
46,bzelley19@google.com.br,bzelley19,qhZyrHKz,Bettine,Zelley,49 Blackbird Point,750-231-2703,1
47,nmerali1a@sbwire.com,nmerali1a,oelJLn,Nerita,Merali,47 Anzinger Crossing,130-267-1959,2
48,shearsum1b@canalblog.com,shearsum1b,6dS0skbOnc,Stanford,Hearsum,796 Spenser Center,371-195-5133,2
49,hdunwoody1c@fema.gov,hdunwoody1c,55jzDCYnA,Holmes,Dunwoody,5 Maryland Street,308-227-0899,1
50,atilte1d@nydailynews.com,atilte1d,Hip64epn5Bi,Analiese,Tilte,05 Burning Wood Point,952-746-6422,2
51,jamar1e@wsj.com,jamar1e,6nCt2r8HZc,Jefferson,Amar,0 Sage Hill,653-950-2525,1
52,mboffin1f@tmall.com,mboffin1f,kywJfy23yqjZ,Merle,Boffin,3 Acker Junction,443-948-0003,2
53,eemerton1g@joomla.org,eemerton1g,3zPotwNMf5LD,Emlynn,Emerton,2224 Monterey Trail,252-652-0323,1
54,droy1h@delicious.com,droy1h,hhCx3QjM1,Danielle,Roy,7370 Oriole Street,127-745-0278,2
55,cpirie1i@de.vu,cpirie1i,ljjw1KZTp,Clarey,Pirie,69975 Scoville Center,683-194-0304,2
56,jhaws1j@gnu.org,jhaws1j,DSvhkYRCsIcT,Jefferey,Haws,82744 East Park,304-369-5041,1
57,reltone1k@seattletimes.com,reltone1k,8qEuxZ28Jn4T,Reinold,Eltone,21 Portage Hill,371-761-4671,1
58,gdubery1l@typepad.com,gdubery1l,ADZHlagDF,Gill,Dubery,26 Village Point,647-224-8782,2
59,tfugere1m@unc.edu,tfugere1m,0g7uZGZggg,Tybie,Fugere,8 Debra Avenue,710-813-8709,1
60,klace1n@xinhuanet.com,klace1n,0TGb7g,Kipp,Lace,342 Blackbird Court,731-437-5679,1
61,gseneschal1o@joomla.org,gseneschal1o,WFaQwKYC90,Georgie,Seneschal,2 Aberg Avenue,287-222-9363,2
62,hproudman1p@sciencedaily.com,hproudman1p,7Y8B2iV6IkJ,Horton,Proudman,941 Shelley Street,806-140-8369,1
63,menrrico1q@kickstarter.com,menrrico1q,XdBY73XXhp,Mitch,Enrrico,2498 Waxwing Avenue,922-851-0434,1
64,kasman1r@wufoo.com,kasman1r,nU7OkD,Kathryne,Asman,813 Bayside Parkway,294-210-7365,1
65,bbrigg1s@ucoz.ru,bbrigg1s,vrqKZM0r4yda,Brantley,Brigg,497 Surrey Drive,381-621-4077,2
66,mvassie1t@g.co,mvassie1t,L4fS0l,Moishe,Vassie,7446 Manley Circle,200-778-8352,2
67,hcattrall1u@google.com.hk,hcattrall1u,O5pHVIp,Hansiain,Cattrall,4 Sutherland Park,599-618-1804,1
68,lellsworthe1v@usa.gov,lellsworthe1v,Vo8K92TW,Ludvig,Ellsworthe,4 Bartelt Plaza,850-613-6577,2
69,ddalessio1w@cargocollective.com,ddalessio1w,ClzWyATFZ3p,Dexter,D'Alessio,87 Blue Bill Park Trail,634-942-9116,1
70,ahearsum1x@netlog.com,ahearsum1x,w05w6BLT,Augustin,Hearsum,661 Esker Road,305-350-3951,1
71,rmackeeg1y@china.com.cn,rmackeeg1y,8jaTAISTue,Roderich,MacKeeg,184 Bartelt Court,795-791-3400,1
72,etithecott1z@bandcamp.com,etithecott1z,2RA91zasMZ5,Elfrida,Tithecott,4 Fisk Junction,610-370-5297,2
73,lwalcot20@illinois.edu,lwalcot20,ToWkuU6C6,Loella,Walcot,1361 Monica Park,423-318-4791,1
74,wkindall21@360.cn,wkindall21,OE9DIJ39E,Will,Kindall,8 Carioca Road,455-579-0390,1
75,ctwiddell22@spotify.com,ctwiddell22,Fhh5a4ymk,Chelsie,Twiddell,436 Russell Junction,512-852-2650,1
76,fwilliment23@smugmug.com,fwilliment23,k5czYphLlE,Fawnia,Williment,27943 Lawn Way,642-884-7268,2
77,tcolecrough24@bbb.org,tcolecrough24,K9YutLFP,Tyrone,Colecrough,48475 Dawn Point,320-968-9184,1
78,azotto25@blogtalkradio.com,azotto25,JinzStczkrc,Alta,Zotto,553 Gerald Hill,423-775-1931,2
79,dpoley26@noaa.gov,dpoley26,AOy33s2wwYu,Denice,Poley,2315 Almo Way,574-111-7042,1
80,fpixton27@weebly.com,fpixton27,4aZb0m4Q7DEh,Filip,Pixton,8418 Moulton Junction,507-176-7373,1
81,shurren28@nasa.gov,shurren28,dcy5meo,Serena,Hurren,48 Shoshone Plaza,506-732-0031,1
82,dlugsdin29@pinterest.com,dlugsdin29,3h4PJ5L0d,Delaney,Lugsdin,5 Merchant Circle,785-704-4393,2
83,wstandfield2a@live.com,wstandfield2a,wBpvCjnU,Win,Standfield,0 Rutledge Plaza,281-223-9553,2
84,ftamplin2b@360.cn,ftamplin2b,NkchFYm,Feliks,Tamplin,56938 Hintze Drive,189-364-7751,2
85,cwaldocke2c@spotify.com,cwaldocke2c,VQXALm7,Cliff,Waldocke,032 Shoshone Drive,960-851-5086,1
86,tmault2d@umich.edu,tmault2d,8g3AIY2Jw25,Tildi,Mault,3 Carpenter Way,201-443-5380,1
87,tclewlow2e@globo.com,tclewlow2e,fmnsHLR,Timmy,Clewlow,18890 Rieder Pass,704-312-8112,1
88,tcolthard2f@nba.com,tcolthard2f,rOglfLHvtQYI,Tedmund,Colthard,598 Birchwood Pass,789-107-9950,1
89,psexstone2g@wordpress.org,psexstone2g,DVqalS,Pris,Sexstone,46836 Bluejay Place,961-345-2097,1
90,rottosen2h@fc2.com,rottosen2h,QeDY04u,Rodge,Ottosen,6 Brown Pass,278-400-2154,2
91,hbispham2i@printfriendly.com,hbispham2i,w54M51bw,Hayyim,Bispham,30010 Manitowish Pass,763-830-2549,1
92,rbarstowk2j@blogger.com,rbarstowk2j,Qde25w4j,Renell,Barstowk,953 Milwaukee Way,700-304-0835,1
93,lleathwood2k@stumbleupon.com,lleathwood2k,zXza5nZsN,Larisa,Leathwood,43 Roth Pass,303-732-9310,2
94,mreoch2l@google.es,mreoch2l,ANTXd7xY,Myrah,Reoch,775 Golf View Hill,199-961-7311,2
95,amcpake2m@printfriendly.com,amcpake2m,mWFT0tYvST,Amie,Mc Pake,2 Ludington Place,902-669-0913,2
96,hcanape2n@live.com,hcanape2n,IuAiKF5aEVS,Hewett,Canape,489 Pine View Point,387-850-5512,1
97,jassad2o@google.pl,jassad2o,MPW0lN,Jilli,Assad,827 Victoria Road,120-638-1874,1
98,wremington2p@booking.com,wremington2p,xDdKag1B,Wini,Remington,55 Lighthouse Bay Terrace,508-674-1646,2
99,mdewan2q@wufoo.com,mdewan2q,Hb7t4yZ7,Marcy,Dewan,27 Londonderry Center,230-386-0623,1
100,bagirre2r@quantcast.com,bagirre2r,e1bMVlP0gh,Brendin,Agirre,73981 Redwing Hill,201-545-6668,1
101,zkobiela2s@omniture.com,zkobiela2s,NLOsplcu5pR,Zacherie,Kobiela,309 Sycamore Drive,582-849-2045,2
102,gprandoni2t@earthlink.net,gprandoni2t,nfpiFqrcsV,Galvin,Prandoni,66747 Northland Court,258-665-2346,1
103,tcassell2u@163.com,tcassell2u,pKc5Hm,Tim,Cassell,1577 Ohio Center,518-816-2020,1
104,lscouller2v@arstechnica.com,lscouller2v,8iZsml,Laurie,Scouller,41437 Judy Park,334-986-7205,2
105,cplaister2w@ucoz.com,cplaister2w,WyV9XA3l,Corly,Plaister,0 Bunting Place,925-990-6577,1
106,eondrak2x@wikispaces.com,eondrak2x,xakHAFm,Elaine,Ondrak,7218 Carioca Crossing,755-559-5447,2
107,lcheckley2y@unicef.org,lcheckley2y,hdf9Rb0GJ,Lanni,Checkley,1 Vermont Terrace,947-631-7474,2
108,ocoverlyn2z@gov.uk,ocoverlyn2z,sArEiRec8s,Olenka,Coverlyn,56 Russell Junction,944-289-4583,2
109,epadbery30@bizjournals.com,epadbery30,KLZRvi83E,Elliot,Padbery,5065 Dawn Drive,262-413-5493,1
110,rmacauley31@bloglovin.com,rmacauley31,NPUtbd,Rowland,Macauley,547 Oriole Junction,889-166-5615,2
111,gadamini32@jigsy.com,gadamini32,ZIAR3gZi7a8p,Genni,Adamini,154 Sunnyside Way,938-810-2333,1
112,mreightley33@bloomberg.com,mreightley33,eghabgwBw,Milo,Reightley,6 Corscot Lane,974-815-3963,2
113,grosendale34@deviantart.com,grosendale34,v9D7i9sBi,Guntar,Rosendale,08 Tomscot Crossing,536-550-1959,1
114,mginglell35@last.fm,mginglell35,HeCYMo,Malvin,Ginglell,9 Maple Lane,878-107-8369,2
115,bthow36@angelfire.com,bthow36,P3rLmBy7,Byram,Thow,1 Haas Terrace,641-678-8645,1
116,sgrishukov37@samsung.com,sgrishukov37,KghIrs,Suzi,Grishukov,0652 Farmco Place,160-463-0778,1
117,bdickman38@nps.gov,bdickman38,2V3yoc,Brittan,Dickman,094 Luster Circle,826-368-8574,2
118,mwermerling39@tinyurl.com,mwermerling39,w370moA,Marve,Wermerling,7 Dryden Alley,340-225-7461,1
119,kstanden3a@t.co,kstanden3a,Qghz7I9q,Kylie,Standen,908 Meadow Ridge Terrace,613-882-2325,1
120,bmacdougall3b@goodreads.com,bmacdougall3b,Tf7Vf2O,Bonny,MacDougall,3563 Algoma Court,717-330-6535,1
121,bseatter3c@issuu.com,bseatter3c,FKeBvSYdsWI,Bartlet,Seatter,0 Bunting Lane,937-478-9565,2
122,bkopfen3d@newsvine.com,bkopfen3d,9JdUjD,Barbabra,Kopfen,649 Barby Road,537-674-1558,1
123,rscoles3e@bing.com,rscoles3e,AwarbvN,Rachael,Scoles,80288 Butterfield Point,808-611-0372,1
124,emesser3f@edublogs.org,emesser3f,tJQXyJ6C4fMb,Ev,Messer,010 Myrtle Way,732-392-2500,1
125,qdodridge3g@bloglines.com,qdodridge3g,B8ZQUe,Quill,Dodridge,0314 Manufacturers Road,647-937-8102,2
126,rbaskeyfield3h@marketwatch.com,rbaskeyfield3h,MspiqGSAjfW,Rozanne,Baskeyfield,19897 Clemons Terrace,973-222-6463,1
127,womara3i@pagesperso-orange.fr,womara3i,CWrX6CUnecYc,Waylon,O'Mara,494 Graedel Alley,893-937-8916,2
128,icarneck3j@acquirethisname.com,icarneck3j,TPoUUXJyTgu,Isacco,Carneck,16697 Talmadge Avenue,536-841-5113,1
129,pheibl3k@phpbb.com,pheibl3k,fjCZt4sXT3I,Phaidra,Heibl,31 Schurz Center,349-805-3617,2
130,aburris3l@ibm.com,aburris3l,iN7erSc2,Adrien,Burris,723 Forest Dale Hill,871-254-0177,2
131,lclaye3m@eepurl.com,lclaye3m,5ya97NlNpXMU,Lucie,Claye,0 Browning Trail,679-955-0737,1
132,aglassopp3n@adobe.com,aglassopp3n,a3ZwRfE,Alphonso,Glassopp,23 Warbler Road,839-422-0381,2
133,tshardlow3o@jigsy.com,tshardlow3o,shfnHNrZw,Terrijo,Shardlow,747 Boyd Terrace,694-139-9996,1
134,tstinson3p@clickbank.net,tstinson3p,v8w4YjO,Tiena,Stinson,2773 Grayhawk Center,614-320-2095,2
135,btinner3q@over-blog.com,btinner3q,SVN2fg1285TK,Blisse,Tinner,0902 Randy Parkway,848-844-0160,2
136,rcord3r@xing.com,rcord3r,tA6Di8OH,Randy,Cord,85379 Golf View Terrace,483-777-0980,2
137,scottem3s@geocities.com,scottem3s,YsiCwb3ZDdz,Skippie,Cottem,62 Dixon Crossing,381-895-6371,1
138,theningam3t@i2i.jp,theningam3t,sBFSUuOHb0,Tiffy,Heningam,9 Lawn Park,842-135-0537,2
139,vbrettor3u@privacy.gov.au,vbrettor3u,5EOs31,Vickie,Brettor,678 Buena Vista Plaza,979-919-3077,1
140,dwinkless3v@prnewswire.com,dwinkless3v,gul7G4g,Dede,Winkless,4 Main Avenue,962-311-0768,1
141,kzanetello3w@reference.com,kzanetello3w,DUFcLQkO8qO,Keriann,Zanetello,70303 Old Gate Point,259-594-7654,2
142,lbrunner3x@nytimes.com,lbrunner3x,9lC5FCikdG,Leena,Brunner,73272 Towne Trail,873-914-2828,2
143,bbeesey3y@census.gov,bbeesey3y,iBAM0Uq8Sl,Bernie,Beesey,7332 Hayes Street,240-668-2109,2
144,cjurisic3z@rambler.ru,cjurisic3z,nJlRJ0h5wWaJ,Cart,Jurisic,9 Hintze Pass,648-358-3054,1
145,fflacknoe40@tmall.com,fflacknoe40,sfAcRgY8,Francklin,Flacknoe,0 Kipling Way,911-674-9632,1
146,afloyde41@rakuten.co.jp,afloyde41,s0nCpVEKV,Afton,Floyde,7 Prairie Rose Hill,525-424-2825,1
147,abolger42@newyorker.com,abolger42,mE2UWm,Ashla,Bolger,743 Blackbird Center,808-580-6163,2
148,acrosen43@nps.gov,acrosen43,FEJd0MgjsZ5,Araldo,Crosen,60986 Macpherson Road,727-885-1255,2
149,dbartoszewicz44@hugedomains.com,dbartoszewicz44,XTYYnLHBs,Danielle,Bartoszewicz,4 Bartelt Park,559-988-0826,1
150,elade45@posterous.com,elade45,6U6EmeN6,Eddi,Lade,77612 Bunting Road,330-978-7234,2
151,msammut46@java.com,msammut46,GFP4UFCJVa1k,Murial,Sammut,26 East Road,702-120-5283,2
152,pyurmanovev47@telegraph.co.uk,pyurmanovev47,g4dMww7kz3P6,Patty,Yurmanovev,5 Grayhawk Circle,493-178-2479,1
153,ibasire48@pbs.org,ibasire48,DOixx3N9AuC,Ines,Basire,153 Springs Trail,581-368-8344,1
154,ygaywood49@hugedomains.com,ygaywood49,CLz63f8,Yurik,Gaywood,78 Main Court,156-352-8075,2
155,bclearley4a@fotki.com,bclearley4a,DOSomfn,Berk,Clearley,5 Mallory Crossing,492-716-4857,2
156,mpeniman4b@flickr.com,mpeniman4b,iRJErP,Meara,Peniman,481 Manufacturers Way,864-146-4518,2
157,gbrandone4c@weather.com,gbrandone4c,LMpTg1uo4,Gertrudis,Brandone,15356 Montana Pass,714-851-3492,2
158,cwhorall4d@comsenz.com,cwhorall4d,vhPmHI4EF65V,Charil,Whorall,250 Northwestern Lane,556-596-8658,2
159,tpipworth4e@hhs.gov,tpipworth4e,xrq17igQnu2p,Tomas,Pipworth,09457 Magdeline Point,652-878-6895,2
160,ibrimelow4f@rakuten.co.jp,ibrimelow4f,vJbDmbkUBA6E,Ikey,Brimelow,0441 2nd Park,957-854-8092,1
161,dcockshutt4g@discuz.net,dcockshutt4g,avBnWMJMR8,Dennie,Cockshutt,42 2nd Circle,353-349-4021,2
162,jseydlitz4h@infoseek.co.jp,jseydlitz4h,nOebq7,Jenny,Seydlitz,21 Esch Alley,264-365-9590,2
163,jfreathy4i@army.mil,jfreathy4i,w9ojLAUCi3,Jared,Freathy,6 Village Park,531-305-1660,2
164,mmackriell4j@ifeng.com,mmackriell4j,26bFTE5gE,Megan,Mackriell,2954 Kipling Drive,531-177-2152,2
165,hminet4k@msu.edu,hminet4k,033qpdDom5T,Hillard,Minet,45 Ridge Oak Street,269-828-9481,2
166,csamms4l@topsy.com,csamms4l,jsR1WibkF2Y0,Che,Samms,0576 4th Street,800-978-9224,2
167,egolds4m@reddit.com,egolds4m,NOJNCw,Em,Golds,54 International Terrace,397-537-0721,2
168,sdavisson4n@live.com,sdavisson4n,wZCXGo,Scarface,Davisson,51231 Holmberg Terrace,229-488-1311,1
169,rbrandhardy4o@php.net,rbrandhardy4o,F4EOJvt4v,Rolph,Brand-Hardy,368 Moulton Court,897-609-9774,1
170,gfearfull4p@sohu.com,gfearfull4p,acd54oni,Gillan,Fearfull,1 Daystar Avenue,879-314-7880,1
171,ebramham4q@toplist.cz,ebramham4q,R9kwosC,Evelina,Bramham,78747 Corry Way,644-350-0368,1
172,bruckledge4r@soup.io,bruckledge4r,hn3EO4Y,Bernarr,Ruckledge,173 Farragut Terrace,783-749-4709,1
173,kcrewes4s@engadget.com,kcrewes4s,GpguvF93nCm,Kerby,Crewes,54218 Loeprich Lane,298-966-3402,1
174,djakov4t@alexa.com,djakov4t,j4uuRGCp3t54,Dawn,Jakov,28 Oneill Park,199-843-8384,1
175,tharrowing4u@taobao.com,tharrowing4u,TrBaN7,Tommie,Harrowing,32 Elgar Trail,171-803-8916,2
176,idonegan4v@sbwire.com,idonegan4v,tWf2c7gq2,Irvin,Donegan,34562 Kings Terrace,773-274-1635,2
177,fhards4w@eventbrite.com,fhards4w,OFl17joIxj,Fairlie,Hards,132 Almo Plaza,533-100-9910,2
178,cneighbour4x@t.co,cneighbour4x,XtfcH0NeXO27,Christyna,Neighbour,891 Spohn Plaza,564-761-3020,1
179,amatijasevic4y@myspace.com,amatijasevic4y,R4vxEy,Ahmad,Matijasevic,83481 Stuart Hill,634-564-1108,2
180,pohanessian4z@dot.gov,pohanessian4z,vi9PxNr8h,Pooh,Ohanessian,5 Nancy Trail,167-353-0889,2
181,lgreggor50@barnesandnoble.com,lgreggor50,TUPjdI1hSX,Lory,Greggor,44 Golf Court,778-619-5871,2
182,ggeindre51@dyndns.org,ggeindre51,GuuLSm8,Granthem,Geindre,517 Spenser Pass,818-827-9187,2
183,jwinyard52@linkedin.com,jwinyard52,4Vv0oZ87,Josh,Winyard,8 Holmberg Terrace,358-227-6234,1
184,aalcide53@time.com,aalcide53,QfDXiS1VC4lP,Alejandro,Alcide,3 Fordem Crossing,172-345-2008,1
185,mshort54@wufoo.com,mshort54,Y8uzVWjs,Melisandra,Short,0 Columbus Plaza,707-950-4951,1
186,gcejka55@noaa.gov,gcejka55,AWw9nZai,Garrick,Cejka,14 Debs Pass,574-106-3721,1
187,afrift56@salon.com,afrift56,pfVqZ2,Alla,Frift,37 Heath Parkway,284-642-0657,1
188,pspriggin57@fema.gov,pspriggin57,5kR8eMsdO,Phebe,Spriggin,68286 Commercial Drive,229-183-3071,2
189,rvoff58@salon.com,rvoff58,sL8fHiu,Rhianna,Voff,41070 Scott Avenue,969-659-7129,1
190,mcornill59@deliciousdays.com,mcornill59,srArErt,Marlon,Cornill,13 Vidon Crossing,136-830-1556,2
191,pfeldhammer5a@mapquest.com,pfeldhammer5a,DFVa1Wuof,Pietrek,Feldhammer,555 Kim Junction,948-747-5030,2
192,mbritton5b@nydailynews.com,mbritton5b,tkJwAWNvWY,Moises,Britton,7 Donald Parkway,675-416-1343,2
193,svesty5c@loc.gov,svesty5c,9apyLuZu,Sacha,Vesty,3 Northfield Park,554-531-1856,2
194,dcarleman5d@accuweather.com,dcarleman5d,h4AbT2EDGV,Dre,Carleman,75097 Roth Lane,837-593-4313,1
195,gbuddell5e@ameblo.jp,gbuddell5e,ayWBiiZV,Gypsy,Buddell,84 Vermont Terrace,207-558-4199,2
196,dlubbock5f@de.vu,dlubbock5f,MtmEdT,Davin,Lubbock,002 Morrow Pass,628-265-3135,2
197,kjirek5g@hostgator.com,kjirek5g,pNAJE7nrgs,Kamillah,Jirek,194 Reindahl Pass,969-558-5504,1
198,awaltering5h@last.fm,awaltering5h,A97TlThA5,Alison,Waltering,8 Monica Lane,911-117-8467,2
199,bcarnow5i@walmart.com,bcarnow5i,Aveppw9,Brockie,Carnow,0155 Old Gate Trail,898-594-7271,2
200,ztomsett5j@bloglines.com,ztomsett5j,cc8qGUkqBZL,Zitella,Tomsett,2196 Eagan Point,565-352-9184,2
201,rrentalll5k@ning.com,rrentalll5k,f5PYSh0sLVz,Rici,Rentalll,75 Elmside Lane,761-276-7742,2
202,rbassingham5l@geocities.com,rbassingham5l,GXxPD04OSh,Rickard,Bassingham,1748 Hazelcrest Pass,890-268-9334,1
203,rbranford5m@theguardian.com,rbranford5m,5AxwBplV5z8i,Rainer,Branford,9212 Bayside Avenue,309-434-1426,2
204,ksaintepaul5n@amazon.de,ksaintepaul5n,9wmPJHZJeo1,Killie,Sainte Paul,61749 Mosinee Avenue,335-435-5733,1
205,sscowcraft5o@springer.com,sscowcraft5o,C3daG2t9dMf,Samara,Scowcraft,96012 Dexter Drive,623-226-9733,1
206,dalfonsini5p@liveinternet.ru,dalfonsini5p,DMHAaXTfa3hi,Dallas,Alfonsini,6585 Holmberg Way,461-461-1034,1
207,cmayte5q@cornell.edu,cmayte5q,iwYdvRf,Corette,Mayte,395 Melby Hill,366-683-9690,1
208,jgregoretti5r@gmpg.org,jgregoretti5r,56uOp2,Jodi,Gregoretti,792 Forest Dale Trail,588-833-0351,1
209,bbradwell5s@earthlink.net,bbradwell5s,GNSWskt,Bob,Bradwell,73 Superior Avenue,792-949-5096,1
210,dtindall5t@multiply.com,dtindall5t,FX2oNyFb,Dyanne,Tindall,4 Upham Court,299-496-6025,2
211,jmuro5u@yale.edu,jmuro5u,CRxdhkOJJ5,Joete,Muro,82981 Northview Crossing,332-636-4889,2
212,sbulleyn5v@aol.com,sbulleyn5v,aC5ubvpZA,Sansone,Bulleyn,842 Hagan Hill,969-634-0256,2
213,ewisham5w@360.cn,ewisham5w,xFuimyNb3x,Enrico,Wisham,094 Di Loreto Way,440-807-8512,1
214,achupin5x@eventbrite.com,achupin5x,971BjKDOD1,Arvin,Chupin,95 Coleman Alley,291-435-5485,2
215,slownsbrough5y@linkedin.com,slownsbrough5y,nRjfU7PDD5,Sydney,Lownsbrough,019 Pierstorff Road,554-100-4406,2
216,cmartlew5z@google.com,cmartlew5z,fdsMuMsZ2Yc,Cyrillus,Martlew,6 Chive Parkway,706-606-6217,2
217,pdrinkall60@usatoday.com,pdrinkall60,uiNIZtIt3,Patrica,Drinkall,442 Oakridge Crossing,938-295-6596,1
218,civamy61@twitpic.com,civamy61,IzaDGbc4,Corty,Ivamy,4058 Dottie Trail,335-351-5385,2
219,cderby62@photobucket.com,cderby62,2QjFDvSzn,Cordelia,Derby,6 Ronald Regan Lane,247-768-8591,1
220,dlabrone63@weibo.com,dlabrone63,hS8NK0,Den,Labrone,03163 Lake View Court,910-977-1506,1
221,rpriddle64@fastcompany.com,rpriddle64,PpjXinD27,Robby,Priddle,16110 1st Park,186-716-6806,1
222,wdopson65@taobao.com,wdopson65,x1MLAo,Walton,Dopson,0018 Pine View Lane,777-951-8092,1
223,meldritt66@cornell.edu,meldritt66,j2f8eHVZi,Mart,Eldritt,5866 Sloan Way,613-324-5026,2
224,jloosely67@ca.gov,jloosely67,0nTUsv,Jacquelynn,Loosely,31 Fieldstone Hill,970-552-4368,1
225,rkeitley68@howstuffworks.com,rkeitley68,KtjSPliPN,Reta,Keitley,796 Tennyson Pass,555-217-1827,1
226,mjenkin69@pinterest.com,mjenkin69,iGyP5VzdCc,Marnia,Jenkin,7472 Susan Avenue,873-712-3496,2
227,wjovic6a@deviantart.com,wjovic6a,8kbbMw,Waylen,Jovic,46 Magdeline Junction,931-596-8771,1
228,rgoodyear6b@alibaba.com,rgoodyear6b,S3pgdGS,Roscoe,Goodyear,16 Bay Crossing,648-872-1915,1
229,aborrill6c@linkedin.com,aborrill6c,VcySZMdfhrQ,Amby,Borrill,43 Mockingbird Park,850-180-2885,1
230,ajurczik6d@phpbb.com,ajurczik6d,0kakR96B3sP,Ava,Jurczik,8 Mccormick Lane,252-800-7207,2
231,bseacroft6e@mac.com,bseacroft6e,vwNBr8,Bartlett,Seacroft,26680 Sugar Way,439-223-4562,2
232,mberic6f@pen.io,mberic6f,CIdweDG,Marget,Beric,935 West Way,393-636-2720,1
233,eruddoch6g@bandcamp.com,eruddoch6g,ozO978fk04xN,Ermin,Ruddoch,4 Doe Crossing Drive,843-747-8216,2
234,dbeavan6h@census.gov,dbeavan6h,HJnf1BucK8go,Daria,Beavan,497 Lawn Court,288-101-0812,2
235,evondra6i@zimbio.com,evondra6i,6QT1C6BwP,Ezri,Vondra,05 Granby Crossing,750-127-3967,2
236,bpearcy6j@prlog.org,bpearcy6j,xlpPs5iVPM,Beck,Pearcy,52767 Eastwood Drive,648-749-3424,1
237,dcraddy6k@taobao.com,dcraddy6k,mVY1wq,Dolf,Craddy,6005 Monterey Pass,707-285-2133,2
238,lgraben6l@google.co.jp,lgraben6l,GN0cQOBwxTos,Lezlie,Graben,06 Pleasure Place,853-306-8167,2
239,gjacks6m@51.la,gjacks6m,7uRq0xe4,Giulia,Jacks,456 Loeprich Pass,858-622-3292,1
240,msollom6n@typepad.com,msollom6n,Txt9zvg3em9p,Mellicent,Sollom,7 Lawn Point,875-888-3942,1
241,pstilwell6o@icio.us,pstilwell6o,BQZuNKjnr3,Pooh,Stilwell,16 Annamark Parkway,202-393-4640,2
242,edashwood6p@squidoo.com,edashwood6p,9E6nU9,Eudora,Dashwood,0354 Meadow Valley Avenue,739-684-2982,1
243,blivings6q@e-recht24.de,blivings6q,ZXD2MdCjZ,Burg,Livings,95345 Prairieview Junction,859-330-8559,1
244,amortlock6r@apache.org,amortlock6r,RAinFxVhzed,Augustin,Mortlock,61 Buena Vista Street,479-430-5975,2
245,bpinnington6s@bloglovin.com,bpinnington6s,KTl8BFCQBMto,Barb,Pinnington,52 Southridge Place,471-815-6929,1
246,gleving6t@microsoft.com,gleving6t,S5kRinV,Gracie,Leving,0652 Talisman Street,573-746-2558,2
247,rtzar6u@cornell.edu,rtzar6u,zOStKxS2w,Rory,Tzar,0026 Mandrake Park,374-516-7087,1
248,jlovatt6v@comsenz.com,jlovatt6v,4em2ldRgE9r,Jerome,Lovatt,40 Loftsgordon Lane,205-789-1047,2
249,mphipps6w@studiopress.com,mphipps6w,yr1n8YxKR7,Marie-jeanne,Phipps,20 Northridge Crossing,905-756-5610,2
250,mkaser6x@fema.gov,mkaser6x,kgWi1iH,Myrta,Kaser,26554 Morning Park,388-140-4105,1
251,jheadan6y@foxnews.com,jheadan6y,mxbvfz,Jacinta,Headan,52250 International Park,722-777-8199,1
252,rmaccallam6z@tumblr.com,rmaccallam6z,1myPYAf,Ryan,MacCallam,4 School Junction,601-432-9127,1
253,mbartoletti70@bloglines.com,mbartoletti70,dnkTYy1op9Q,Melany,Bartoletti,20503 Memorial Junction,669-608-5808,1
254,cthickins71@sakura.ne.jp,cthickins71,k3ZDERon,Cherice,Thickins,8 Canary Hill,910-524-6645,1
255,agrebbin72@artisteer.com,agrebbin72,PImIr3WBnp8J,Alvin,Grebbin,45 Bowman Park,980-188-0002,1
256,iodgaard73@businesswire.com,iodgaard73,ZbtJMxxk,Inesita,Odgaard,83 Browning Avenue,320-843-3065,2
257,ksiviter74@seesaa.net,ksiviter74,ubjq77UT,Kylila,Siviter,331 Summer Ridge Junction,863-652-0154,2
258,lsatford75@woothemes.com,lsatford75,aWiVsSnw,Lizbeth,Satford,4 Troy Alley,401-136-5629,1
259,lharbar76@house.gov,lharbar76,kqDrllP02BY,Laney,Harbar,2280 Dexter Hill,367-105-2296,1
260,daucock77@skype.com,daucock77,ssnC9U,De witt,Aucock,80694 Northridge Plaza,265-656-5677,2
261,ddrain78@weibo.com,ddrain78,do4FYo,Denver,Drain,390 Texas Lane,861-215-8559,1
262,gcheston79@fc2.com,gcheston79,6rKkp715qf4,Gaspard,Cheston,95 Scott Avenue,605-727-9635,2
263,levesque7a@jimdo.com,levesque7a,6F75VV2QV9SD,Louie,Evesque,0 Kennedy Junction,122-715-6366,1
264,dswinford7b@t-online.de,dswinford7b,0ZkgjTxdG,Demeter,Swinford,11516 Nova Way,857-531-0468,1
265,eyandell7c@patch.com,eyandell7c,9WOk7PAfSpOM,Edwina,Yandell,9437 Stephen Trail,755-974-8740,1
266,atrowell7d@uiuc.edu,atrowell7d,txwUSwo,Aldus,Trowell,8138 Acker Terrace,838-409-6849,2
267,lbromby7e@booking.com,lbromby7e,6ZxofAqQc,Ly,Bromby,67984 Loeprich Lane,276-608-1089,2
268,slucchi7f@artisteer.com,slucchi7f,FxZSxISOEvB,Sheena,Lucchi,8523 Pine View Point,753-567-8555,2
269,jmilazzo7g@51.la,jmilazzo7g,EJycPD8ftwv,Joeann,Milazzo,6927 Prairie Rose Circle,337-291-7464,2
270,crowat7h@smh.com.au,crowat7h,gJyA5CN,Cassi,Rowat,731 Armistice Lane,377-682-2546,2
271,ahiscocks7i@vk.com,ahiscocks7i,r89joD,Augie,Hiscocks,45 Pond Pass,836-223-9521,2
272,hkertess7j@timesonline.co.uk,hkertess7j,S4LcTIQq,Humfrid,Kertess,80434 Hermina Parkway,978-694-3028,1
273,dtrembey7k@narod.ru,dtrembey7k,zDIeLMe3Up,Drusilla,Trembey,77 Gateway Place,580-822-1676,2
274,rtume7l@jalbum.net,rtume7l,Vl9xydg,Roy,Tume,5 Merchant Park,901-131-4414,2
275,jjirak7m@cyberchimps.com,jjirak7m,xyDWVRdZFuO2,Jasper,Jirak,163 Melody Hill,518-396-6492,1
276,ttayler7n@wunderground.com,ttayler7n,vKrbzP1,Town,Tayler,6828 Scott Trail,489-477-5252,2
277,fbroose7o@webnode.com,fbroose7o,ziRWZY,Forest,Broose,0 Menomonie Plaza,397-123-8600,1
278,abinny7p@goo.gl,abinny7p,tgiRRS,Arie,Binny,0941 Prairieview Junction,677-144-8439,1
279,kbuckmaster7q@boston.com,kbuckmaster7q,MPolLVS,Kristi,Buckmaster,29153 Thierer Pass,666-677-3710,2
280,bsaywood7r@wsj.com,bsaywood7r,Wmmihd4JPkc7,Booth,Saywood,69 Dakota Point,208-795-5139,2
281,rmaddox7s@multiply.com,rmaddox7s,IyLQf7Bb,Randell,Maddox,5415 International Place,804-335-0775,2
282,jdoornbos7t@sitemeter.com,jdoornbos7t,6998NIipwz,Jammie,Doornbos,92905 Johnson Pass,336-144-1644,1
283,jquantrell7u@google.nl,jquantrell7u,WY7w8g0yHAHt,Jarad,Quantrell,6016 Granby Way,665-511-0457,1
284,cskene7v@whitehouse.gov,cskene7v,1KhJmfHnu,Cece,Skene,66 Mariners Cove Place,656-542-5311,2
285,sgillison7w@desdev.cn,sgillison7w,KCGJWYM35wXY,Sullivan,Gillison,37337 Manley Trail,128-316-4692,1
286,bgasperi7x@aboutads.info,bgasperi7x,UIgQBYmax42A,Brigid,Gasperi,5112 Bayside Way,461-279-9883,2
287,cllop7y@gizmodo.com,cllop7y,1zBVNtPO1l,Cassi,Llop,38607 International Court,247-673-8164,2
288,rwakefield7z@harvard.edu,rwakefield7z,n5EqlN,Reece,Wakefield,6443 Armistice Point,897-600-9439,2
289,msevern80@purevolume.com,msevern80,TQBbviNPFS,Marissa,Severn,8 Heffernan Drive,629-977-4732,1
290,tlouiset81@time.com,tlouiset81,4JUbjdYLYron,Toby,Louiset,390 Clove Circle,416-137-1472,2
291,hcadman82@google.pl,hcadman82,qat36UXtM,Hamel,Cadman,2983 Florence Way,901-987-7702,1
292,lmaccauley83@homestead.com,lmaccauley83,PCr7jXgfNLPA,Lorine,MacCauley,84046 Clyde Gallagher Lane,577-496-3353,1
293,jconyer84@gnu.org,jconyer84,rWz20jN1pGQX,Judith,Conyer,956 Northfield Lane,102-220-4090,1
294,gmayer85@free.fr,gmayer85,2pkZW4JG,Gustav,Mayer,2 Scoville Terrace,359-590-0940,1
295,lyurygyn86@privacy.gov.au,lyurygyn86,UdiFYssh6K,Leesa,Yurygyn,864 Springview Center,106-770-4644,1
296,dtrenear87@telegraph.co.uk,dtrenear87,wMUNhOsR4WB,Deane,Trenear,62210 Division Circle,876-841-7961,1
297,wpearton88@statcounter.com,wpearton88,w4MvUq8Y,Whit,Pearton,3 Annamark Lane,728-330-7162,1
298,cshitliff89@google.ca,cshitliff89,7QVtpjxYa,Christoper,Shitliff,2164 Bowman Way,829-159-9648,1
299,ggrowden8a@pinterest.com,ggrowden8a,HFpVwpC,Gillie,Growden,28521 Sullivan Street,813-842-0770,1
300,vtrinke8b@livejournal.com,vtrinke8b,N3vkFoLyE6U,Venita,Trinke,78 High Crossing Place,829-420-1372,2
301,tratnage8c@google.com.au,tratnage8c,zwKcFhpi,Tobe,Ratnage,59 John Wall Pass,375-370-9869,2
302,mtomas8d@netvibes.com,mtomas8d,8UZ2SJtDUpou,Magdalena,Tomas,12 Bartillon Road,205-315-2241,2
303,ylascell8e@twitpic.com,ylascell8e,jHwrVCp3U,Yovonnda,Lascell,0087 Westport Point,996-414-3978,2
304,aflanders8f@aol.com,aflanders8f,VrKnYp,Alanson,Flanders,066 Paget Hill,297-208-6468,2
305,wrichmont8g@timesonline.co.uk,wrichmont8g,PhSnEeGBlJMc,Weston,Richmont,2068 Lakewood Way,400-996-9105,1
306,wmoxted8h@networksolutions.com,wmoxted8h,i7Qsy9RAbf7,Wade,Moxted,3 Katie Hill,896-486-3387,2
307,npharoah8i@weebly.com,npharoah8i,CElHPL,Nikolaus,Pharoah,14 Vermont Plaza,659-641-8386,2
308,mswadden8j@spiegel.de,mswadden8j,jjSwUX,Melosa,Swadden,279 Thierer Plaza,198-902-9033,1
309,akiln8k@myspace.com,akiln8k,gcDcEyBkywb,Averell,Kiln,895 Amoth Drive,476-727-0610,2
310,acardow8l@state.gov,acardow8l,gEKbatLEX,Augustine,Cardow,30 Merchant Avenue,402-188-9474,2
311,jdace8m@spotify.com,jdace8m,qk9SY7i9,Jeramey,Dace,7206 Erie Lane,840-332-2756,1
312,gmerle8n@go.com,gmerle8n,e7jUfF,Gavra,Merle,95 Holmberg Plaza,869-747-7171,2
313,pfawke8o@etsy.com,pfawke8o,YsQKGE,Puff,Fawke,6 Manley Center,999-584-3910,2
314,deccott8p@unc.edu,deccott8p,5t6d83Nz,Donica,Eccott,8986 Luster Place,569-948-3975,2
315,sbescoby8q@zimbio.com,sbescoby8q,di4j3A,Sabrina,Bescoby,507 Butternut Point,807-561-1264,1
316,kcastrillo8r@meetup.com,kcastrillo8r,kB8Ok9,Katie,Castrillo,82237 Shoshone Court,222-758-7022,1
317,ahynde8s@bbb.org,ahynde8s,n1qQVa,Addy,Hynde,03776 Glendale Hill,434-543-8294,2
318,kbreffitt8t@liveinternet.ru,kbreffitt8t,muFMLZfO,Karrie,Breffitt,88 4th Point,320-860-3869,1
319,gmaurice8u@usgs.gov,gmaurice8u,kfA3ZoC,Grace,Maurice,3 Buhler Circle,389-433-9261,2
320,ssemark8v@japanpost.jp,ssemark8v,ubHLMvhBz,Sonnnie,Semark,93443 La Follette Plaza,919-838-6741,2
321,nebbetts8w@va.gov,nebbetts8w,WBms0z,Neddie,Ebbetts,51980 Esker Drive,585-623-3250,1
322,esmardon8x@google.nl,esmardon8x,pUVu5fs,Evangelia,Smardon,26 Everett Center,680-593-7590,1
323,msinnett8y@canalblog.com,msinnett8y,7x7ihvB4zKLc,Mellicent,Sinnett,375 Badeau Center,446-441-4364,1
324,fpickrell8z@discuz.net,fpickrell8z,F2U0C44n,Freddie,Pickrell,1490 Garrison Court,850-103-1721,1
325,csisley90@csmonitor.com,csisley90,WpO1uFDY,Curtice,Sisley,5491 Holmberg Street,406-860-4893,1
326,mrodgier91@cbsnews.com,mrodgier91,3l7qX6CV,Melantha,Rodgier,236 Portage Point,500-486-4753,2
327,jbruckmann92@msu.edu,jbruckmann92,dFdR50A7wB,Jeddy,Bruckmann,07785 South Way,452-888-1843,1
328,aazemar93@craigslist.org,aazemar93,gYwvY1Ejx,Ancell,Azemar,06 Farwell Parkway,132-192-7927,1
329,karsmith94@thetimes.co.uk,karsmith94,BzCGmj8sdu,Ketty,Arsmith,73 Corben Park,851-280-2642,2
330,cblackden95@1688.com,cblackden95,6Hc8uG2Buj,Cos,Blackden,53085 Tennessee Center,132-263-0060,1
331,mpridmore96@last.fm,mpridmore96,bUeVEODAL1L,Melodee,Pridmore,0450 Monterey Place,321-228-1659,2
332,cwegenen97@photobucket.com,cwegenen97,QS3Siu9juEj,Cora,Wegenen,3 Magdeline Pass,634-576-2073,1
333,pvarvell98@imageshack.us,pvarvell98,JJKp9SpHwhO,Puff,Varvell,3 Algoma Junction,558-383-4112,1
334,aacklands99@vinaora.com,aacklands99,tBfLlOInr,Annecorinne,Acklands,05745 Thierer Junction,353-124-6815,1
335,chumpherston9a@de.vu,chumpherston9a,CEU86FtGeyv,Chariot,Humpherston,8944 Darwin Avenue,206-582-9363,2
336,iwaslin9b@nifty.com,iwaslin9b,tGacXN,Iona,Waslin,17 Rigney Terrace,442-500-6012,1
337,gbraam9c@liveinternet.ru,gbraam9c,yCZxA5wEGH,Glenn,Braam,0039 Buena Vista Place,594-329-9588,1
338,yquarton9d@utexas.edu,yquarton9d,FYJ4Wn0L,Yehudit,Quarton,31 Jackson Junction,955-120-3449,1
339,dproudlove9e@nationalgeographic.com,dproudlove9e,ujrqt6t6g,Damien,Proudlove,74937 Sauthoff Plaza,867-405-3584,2
340,aluton9f@whitehouse.gov,aluton9f,NdMT5TLV5iZX,Ariella,Luton,8 Stang Pass,676-886-7954,1
341,gdebenham9g@tinypic.com,gdebenham9g,G9ETut,Gavin,Debenham,7 Rigney Point,144-166-3211,1
342,bplowell9h@archive.org,bplowell9h,wI936qHj,Bessy,Plowell,2048 Portage Plaza,708-331-2763,2
343,klyford9i@sfgate.com,klyford9i,trmEESYJ3,Kelwin,Lyford,9 Dexter Park,631-821-4914,1
344,ophilipard9j@cocolog-nifty.com,ophilipard9j,LgX4SA4,Ozzy,Philipard,64215 Hayes Lane,629-410-1708,1
345,rdinesen9k@yelp.com,rdinesen9k,wP3vl2cA,Robert,Dinesen,880 Larry Road,278-910-1988,2
346,nmyring9l@technorati.com,nmyring9l,joSbaUOU,Nyssa,Myring,79 Kingsford Parkway,227-581-0516,2
347,eivashnyov9m@dyndns.org,eivashnyov9m,oVLd7P,Erika,Ivashnyov,4 Sachtjen Place,722-519-2684,2
348,tgarlett9n@hugedomains.com,tgarlett9n,I9zJx1x,Thomas,Garlett,286 Weeping Birch Trail,198-507-7066,2
349,cwetheril9o@amazon.com,cwetheril9o,opaTdltv,Celka,Wetheril,0710 Eastlawn Parkway,725-254-0329,1
350,nrawcliffe9p@seattletimes.com,nrawcliffe9p,FMzlI9p,Nils,Rawcliffe,7742 Kingsford Park,724-846-2106,2
351,mcleveley9q@japanpost.jp,mcleveley9q,obfCdM2xX5,Mariquilla,Cleveley,91 Eggendart Court,160-570-1870,2
352,jhewins9r@springer.com,jhewins9r,JIXnElXf,Jannelle,Hewins,9425 Blackbird Way,387-719-2648,1
353,rtansley9s@clickbank.net,rtansley9s,wuUCdAtFJr,Rica,Tansley,76 Sloan Terrace,890-576-5833,2
354,kinsley9t@umich.edu,kinsley9t,s8LZLehh,Kippie,Insley,0828 Scoville Point,312-286-3400,2
355,vorans9u@tiny.cc,vorans9u,gfGA8cHCG,Vale,Orans,63 Spenser Pass,882-409-9529,2
356,apassy9v@imdb.com,apassy9v,HjZl04jK,Aleen,Passy,98 Hoffman Point,354-183-6024,2
357,dporcas9w@blinklist.com,dporcas9w,xZTs8b0,Dougy,Porcas,8852 Scott Place,690-907-3959,1
358,venstone9x@scientificamerican.com,venstone9x,owH9wKrvn,Valeria,Enstone,945 Oak Valley Point,119-426-0728,1
359,espere9y@miibeian.gov.cn,espere9y,jwaWdRnKs4x,Evie,Spere,88417 Killdeer Pass,208-970-6349,1
360,gcommuzzo9z@e-recht24.de,gcommuzzo9z,pWJn4tno,Gabriel,Commuzzo,5324 Stoughton Point,971-358-4911,2
361,rsiemona0@de.vu,rsiemona0,HNMqIuqtS,Ricca,Siemon,628 Bonner Drive,648-797-8209,1
362,balywena1@paypal.com,balywena1,wsWoozFP4dt,Brit,Alywen,41732 Norway Maple Hill,485-230-9133,2
363,srotlaufa2@uol.com.br,srotlaufa2,3S1C1GaNWKK,Shantee,Rotlauf,025 Dryden Plaza,170-416-6289,1
364,pstealeya3@hugedomains.com,pstealeya3,VXAQH86Rd,Pat,Stealey,9618 Pine View Point,459-159-4172,2
365,mbondea4@sciencedirect.com,mbondea4,RyVCEAzAH,Meryl,Bonde,0565 Eagle Crest Center,976-455-9420,1
366,cabbaa5@narod.ru,cabbaa5,nvidtW6Hb,Clareta,Abba,20 South Terrace,990-777-4661,2
367,cswayslanda6@shutterfly.com,cswayslanda6,gsnEjxHo7UVj,Cort,Swaysland,2 Prairieview Road,541-789-3962,1
368,cbarhimsa7@nsw.gov.au,cbarhimsa7,zmDTVm1doQE,Cristen,Barhims,5132 Green Ridge Place,656-290-4836,2
369,gchaslea8@bbb.org,gchaslea8,vGW6Df6L5MRS,Galina,Chasle,7 Dexter Parkway,409-241-6223,2
370,gmogenota9@blogtalkradio.com,gmogenota9,Pw3H29wV,Gideon,Mogenot,533 Dexter Trail,867-986-4676,2
371,eflottaa@smh.com.au,eflottaa,VZbOjkKr,Ephrayim,Flott,279 Coolidge Plaza,823-735-9787,2
372,eduffreeab@walmart.com,eduffreeab,KVIEUSttQppL,Elyse,Duffree,261 Southridge Road,433-797-1344,1
373,igoodersac@nasa.gov,igoodersac,DWsUggyl1f,Ivette,Gooders,45618 Brentwood Circle,415-777-6215,1
374,salleryad@arizona.edu,salleryad,WRaRrm,Sara,Allery,3 Mandrake Center,681-595-6083,2
375,hreidieae@360.cn,hreidieae,sxNRSv7b,Hailey,Reidie,803 Armistice Street,733-667-9696,2
376,ccourtaf@cnet.com,ccourtaf,uRHxKCEbxGy,Chad,Court,043 Randy Junction,518-774-2822,2
377,jduxbarryag@google.it,jduxbarryag,zy32gej5aNUr,Jacquelynn,Duxbarry,0245 Dwight Place,772-150-6974,1
378,rphilpsah@dell.com,rphilpsah,YeKgivg,Ruthe,Philps,1 Dexter Road,867-777-8215,1
379,bhintzeai@macromedia.com,bhintzeai,vNqIQlt,Benny,Hintze,41 La Follette Road,264-724-4056,2
380,aiacoviniaj@uol.com.br,aiacoviniaj,tBZnQdG0Y,Arther,Iacovini,52395 Moland Pass,125-178-2116,2
381,mrojasak@moonfruit.com,mrojasak,wMps7ta,Malinda,Rojas,77 Hoffman Street,399-635-3721,1
382,ftarplyal@epa.gov,ftarplyal,ZtsFMNmqf,Finlay,Tarply,9 Lakewood Gardens Crossing,862-715-9761,1
383,dallchornam@nasa.gov,dallchornam,nMfJodcC,Debee,Allchorn,61532 Doe Crossing Court,455-336-8379,1
384,gklichan@biblegateway.com,gklichan,TcnD7kG,Grete,Klich,961 Laurel Pass,681-418-3093,1
385,kpettecrewao@technorati.com,kpettecrewao,CQttau6,Kimmi,Pettecrew,3 Browning Terrace,503-569-1122,1
386,cfenlonap@archive.org,cfenlonap,ev1Ccp7bf,Calvin,Fenlon,1067 Hovde Court,738-907-2701,1
387,jgrumbleaq@unesco.org,jgrumbleaq,GOhVgW8JB4j3,Jard,Grumble,66 Gina Hill,325-164-3225,2
388,wpiersar@webnode.com,wpiersar,i6G3csfhK,Walt,Piers,8 2nd Pass,936-958-3345,2
389,pmurdieas@dmoz.org,pmurdieas,ovTupmQh,Pearl,Murdie,075 Beilfuss Drive,152-924-4272,2
390,twolfordat@reuters.com,twolfordat,p1HT9z3,Theo,Wolford,798 Burning Wood Drive,445-524-3602,2
391,bdebenedictisau@bloomberg.com,bdebenedictisau,pNjzM4,Barnie,De Benedictis,4 Mosinee Park,821-301-0395,1
392,cmennellav@homestead.com,cmennellav,km3bm3GZw0V,Carlin,Mennell,629 Toban Park,178-873-6496,2
393,mtierneyaw@npr.org,mtierneyaw,inOCtX9,Matias,Tierney,21557 Ronald Regan Way,563-684-5491,1
394,dheadleyax@mashable.com,dheadleyax,0XMFyUXS,Dacia,Headley,01045 Ramsey Junction,195-892-4691,1
395,dayliffeay@squarespace.com,dayliffeay,4nsE8tGF,Doralin,Ayliffe,29579 Blackbird Lane,658-839-0221,1
396,scruddaceaz@jigsy.com,scruddaceaz,SmzTuc4e8Gl8,Suzy,Cruddace,802 Anthes Alley,756-178-2342,1
397,ctippleb0@reuters.com,ctippleb0,PLXQMdNiVz,Colet,Tipple,03734 Bellgrove Terrace,990-278-6006,1
398,hedworthyeb1@ihg.com,hedworthyeb1,GSaqc1rFz,Hy,Edworthye,0312 Dorton Road,347-620-9260,1
399,tlylesb2@reference.com,tlylesb2,upCMWw,Tierney,Lyles,1053 Fairview Parkway,933-638-2053,2
400,llampertib3@google.com,llampertib3,4vqLe9L9,Leigh,Lamperti,81 Loomis Street,149-231-5542,2
401,oriccettib4@apple.com,oriccettib4,qgDAxi,Osmund,Riccetti,42 Service Circle,356-549-3948,1
402,eoldacresb5@ucsd.edu,eoldacresb5,XdE2iV,Evangeline,Oldacres,847 Kim Circle,112-746-9647,1
403,rpetscheltb6@oakley.com,rpetscheltb6,R3ws0CU,Raeann,Petschelt,533 8th Trail,239-154-7373,1
404,jaxonb7@mashable.com,jaxonb7,qSxKZcE,Jamill,Axon,886 Quincy Hill,384-749-6377,1
405,achasierb8@lycos.com,achasierb8,p3UPXOIxT,Alexis,Chasier,895 Helena Trail,834-885-7949,2
406,nlesmondeb9@spiegel.de,nlesmondeb9,uNp4M3G4P,Nicki,Lesmonde,9 Utah Place,750-692-1298,1
407,tdiffleyba@blogger.com,tdiffleyba,8t7slz0ZG6,Terra,Diffley,3547 Gina Court,625-662-0007,2
408,cdulsonbb@alibaba.com,cdulsonbb,0DEhfoeyc,Curtice,Dulson,3470 Washington Pass,350-673-7951,1
409,mtuckleybc@gravatar.com,mtuckleybc,2b4DwixpYy,Maud,Tuckley,3 Lakewood Gardens Street,209-964-1863,1
410,efarrentbd@webeden.co.uk,efarrentbd,UvoEx3wFx,Eadith,Farrent,70176 Parkside Place,955-696-7675,1
411,rprestidgebe@fda.gov,rprestidgebe,jX0dgjBZU,Riane,Prestidge,33 Bobwhite Center,131-128-6806,2
412,wpountainbf@army.mil,wpountainbf,BG4NlF9,Willabella,Pountain,33 Bowman Junction,646-238-3255,2
413,pkittemanbg@fema.gov,pkittemanbg,atOnmA,Peadar,Kitteman,8 Surrey Road,642-672-3313,2
414,bwhittleseebh@utexas.edu,bwhittleseebh,vh4C720vnLpr,Benyamin,Whittlesee,7 Farwell Park,552-971-4649,1
415,dmanharebi@fotki.com,dmanharebi,SgGimAgxj3,Doralin,Manhare,7 Clemons Crossing,560-111-8807,2
416,kcurmanbj@wikia.com,kcurmanbj,byZiHLOsa2,Kathye,Curman,730 Doe Crossing Center,891-527-7662,2
417,rdomicanbk@craigslist.org,rdomicanbk,k2tACO2cl,Raviv,Domican,3875 Brickson Park Crossing,516-644-0123,1
418,sgogertybl@example.com,sgogertybl,Nhat9MH,Sauveur,Gogerty,1114 Columbus Circle,818-749-0571,2
419,nchevolleaubm@dailymotion.com,nchevolleaubm,49Stpl9Tslg,Nissy,Chevolleau,33 Dwight Way,795-903-6959,2
420,aallpressbn@apple.com,aallpressbn,e7gEInr8g,Andrea,Allpress,5233 Grasskamp Alley,520-430-4971,1
421,mgarlickbo@spiegel.de,mgarlickbo,akiGq3T3ROY3,Marietta,Garlick,24842 Comanche Crossing,284-694-4374,2
422,ncaulcuttbp@4shared.com,ncaulcuttbp,PjYH8ADj4mZ,Natal,Caulcutt,051 Dayton Avenue,807-593-1291,2
423,thosburnbq@alibaba.com,thosburnbq,Blq2bkr5Y8,Timoteo,Hosburn,120 Pawling Alley,950-101-2723,1
424,mworgenbr@webmd.com,mworgenbr,IwRYVgH,Morley,Worgen,367 Bowman Drive,488-502-7739,2
425,rchiommientibs@shop-pro.jp,rchiommientibs,aDszBukTHZu2,Rickard,Chiommienti,1901 Grasskamp Drive,767-141-5875,1
426,griddeoughbt@narod.ru,griddeoughbt,WxrJBf,Griselda,Riddeough,48613 Sachs Point,697-531-7791,2
427,mcrabbebu@dropbox.com,mcrabbebu,zwELSTWn,Maura,Crabbe,9652 Sunfield Point,911-149-2702,2
428,tjanacekbv@youtu.be,tjanacekbv,O6TmFZs,Tades,Janacek,58 Daystar Pass,612-978-3990,2
429,mbartkiewiczbw@tamu.edu,mbartkiewiczbw,eWkgOMt4qZ,Miof mela,Bartkiewicz,75716 North Alley,645-681-9811,1
430,gpunchbx@technorati.com,gpunchbx,AYTnk1,Georas,Punch,3 Claremont Alley,235-424-9331,1
431,dsellstromby@so-net.ne.jp,dsellstromby,wv4QBo,Dionisio,Sellstrom,976 Everett Alley,284-598-2848,1
432,jcherriebz@a8.net,jcherriebz,tbeBPlIn4,Joela,Cherrie,5141 Summerview Crossing,416-661-9861,2
433,cverdonc0@icio.us,cverdonc0,30a1GIig,Corry,Verdon,75 1st Drive,786-488-6151,2
434,lmethingamc1@creativecommons.org,lmethingamc1,x7e6ZYX,Letisha,Methingam,1288 Ronald Regan Pass,717-678-2425,2
435,clapishc2@sohu.com,clapishc2,NvzWlkqsI,Corrianne,Lapish,57088 Harper Circle,724-718-3265,2
436,nwhiscardc3@prnewswire.com,nwhiscardc3,kvcaKFX,Nolana,Whiscard,57 American Ash Parkway,392-976-8706,1
437,wcarilloc4@lycos.com,wcarilloc4,kjo1pMRR,Wake,Carillo,21 Colorado Center,867-728-6373,1
438,mcorkerc5@aboutads.info,mcorkerc5,pyKNlk,Moise,Corker,2 Calypso Crossing,958-252-5865,1
439,aseemanc6@themeforest.net,aseemanc6,HBZ4g714DN,Atlanta,Seeman,20 Charing Cross Road,711-521-4509,2
440,qdudneyc7@facebook.com,qdudneyc7,nNE5hptb,Quinn,Dudney,095 Northview Park,265-733-0949,2
441,kleverettc8@shareasale.com,kleverettc8,1DaHQesR9iR,Krishnah,Leverett,72382 Tomscot Lane,708-551-5531,1
442,vkrinksc9@virginia.edu,vkrinksc9,vgu2Z7wENV40,Venus,Krinks,43 Bellgrove Trail,225-244-4656,1
443,gkernoghanca@msn.com,gkernoghanca,MWRcQVfUWS3,Gustavo,Kernoghan,89864 Rowland Street,869-195-8633,2
444,lpashenkovcb@stumbleupon.com,lpashenkovcb,AjVCdH7ywoy,Loretta,Pashenkov,30530 Shopko Way,808-286-2343,2
445,pwilloughbycc@barnesandnoble.com,pwilloughbycc,I2FYdwI,Perri,Willoughby,414 Waxwing Street,306-879-0664,1
446,rstanyforthcd@statcounter.com,rstanyforthcd,I5QgAk,Rafe,Stanyforth,1209 Ronald Regan Point,317-738-4584,2
447,nbrackence@senate.gov,nbrackence,OE6xct3XoPM9,Nancy,Bracken,7366 Monterey Avenue,277-568-0921,2
448,iburniecf@mysql.com,iburniecf,ZQECUeGfQI,Isa,Burnie,6509 Riverside Parkway,573-347-7481,2
449,ceckhcg@bloomberg.com,ceckhcg,WjfFfF3P8hd,Chickie,Eckh,5627 Schiller Hill,174-245-8904,2
450,maudissch@shutterfly.com,maudissch,Np9pLC4TNeu9,Marni,Audiss,80761 Grasskamp Avenue,717-507-2895,2
451,striggelci@livejournal.com,striggelci,8QEB6PBKlwwM,Stanislaus,Triggel,347 Cascade Hill,408-734-3941,2
452,gaddiecj@buzzfeed.com,gaddiecj,jkdNsVSKMhF,Gerick,Addie,49 Ridgeview Pass,526-503-5978,2
453,ofouldck@google.de,ofouldck,Mf3KdG,Olivier,Fould,94604 Dovetail Street,750-989-0666,1
454,hdutnellcl@meetup.com,hdutnellcl,EhdBFpKw,Harold,Dutnell,1 Homewood Crossing,904-775-1130,1
455,ksalancm@patch.com,ksalancm,uAMSQshf6p,Kylen,Salan,816 Heffernan Trail,680-180-2959,1
456,nrumseycn@amazon.com,nrumseycn,3wpiSBHaS9,Natassia,Rumsey,92917 Bartillon Pass,106-480-5774,1
457,nharbottleco@go.com,nharbottleco,XZcgbz0NQ5Y,Nickey,Harbottle,7751 Macpherson Hill,216-459-8535,1
458,mhedgecockcp@typepad.com,mhedgecockcp,F8qwpiA,Modesty,Hedgecock,3073 Namekagon Junction,638-374-4733,2
459,sribacq@stanford.edu,sribacq,dKQPRMcza,Sallyann,Riba,43 Stone Corner Way,210-675-4138,1
460,mdruittcr@i2i.jp,mdruittcr,4H9d2Mr,Mathe,Druitt,04535 Beilfuss Avenue,303-368-2325,1
461,tbessetcs@wix.com,tbessetcs,Jv5yBrwou,Tanny,Besset,4014 Valley Edge Court,329-450-2562,2
462,gporcasct@scribd.com,gporcasct,gYDRbagt0,Gaven,Porcas,1545 Oakridge Trail,473-435-9040,1
463,mcolquittcu@noaa.gov,mcolquittcu,IB1FnsP9,Mignon,Colquitt,0207 Nobel Road,331-565-6960,2
464,wdoulcv@blogtalkradio.com,wdoulcv,mgcN2t8rAg,Walden,Doul,79148 Upham Street,372-770-1692,1
465,cconyerscw@ucoz.com,cconyerscw,QzvidYiG98,Cate,Conyers,4 Basil Way,545-358-8703,1
466,aspeakcx@imgur.com,aspeakcx,f1xmjQxT,Alikee,Speak,61 Sutherland Park,495-427-1069,2
467,nbuggcy@amazon.com,nbuggcy,11vvuLZ,Nikita,Bugg,5 Kingsford Place,220-247-9632,1
468,rbalstoncz@mac.com,rbalstoncz,DU2WvrV,Rivalee,Balston,9534 Dakota Trail,256-952-0644,1
469,ethomassond0@chronoengine.com,ethomassond0,KdYMHY8aZ,Egor,Thomasson,84 Pawling Park,287-126-4672,2
470,fredmand1@clickbank.net,fredmand1,2T6P4pjMHdEB,Frank,Redman,5810 Ridge Oak Place,780-221-3671,2
471,levilld2@dropbox.com,levilld2,9OmUFtr9Nk,Lyndel,Evill,337 Esch Parkway,692-600-4547,2
472,asparkwelld3@sciencedirect.com,asparkwelld3,tDgY7RXP,Alec,Sparkwell,94 Clarendon Lane,883-277-4454,1
473,cvogld4@google.it,cvogld4,EwnYdUlv,Caritta,Vogl,120 Almo Place,841-917-4900,1
474,hmcturloughd5@cnet.com,hmcturloughd5,1Pr3Z3Y,Humberto,McTurlough,41871 Reindahl Alley,980-309-1190,1
475,elornsend6@nih.gov,elornsend6,vYypGx6o,Eden,Lornsen,204 Golf View Road,353-796-0843,1
476,mpaiced7@wiley.com,mpaiced7,z6jAAmSN6WEo,Minna,Paice,57 Grayhawk Hill,300-171-3055,2
477,bsanbrooked8@sun.com,bsanbrooked8,JP6iIUN4,Beryl,Sanbrooke,242 Carpenter Terrace,744-803-5524,2
478,srickettd9@shop-pro.jp,srickettd9,MCoFG8bwyST,Starla,Rickett,57 Roxbury Parkway,347-490-1463,1
479,vdittda@imdb.com,vdittda,ylGx2hjdH,Vince,Ditt,2330 Autumn Leaf Center,740-946-1890,1
480,msellmandb@google.com.hk,msellmandb,nQWz50,Mureil,Sellman,360 Sutherland Street,863-738-7303,1
481,ccanterdc@tripadvisor.com,ccanterdc,YdCR5m,Carroll,Canter,338 Twin Pines Street,355-134-9779,2
482,ibrassilldd@linkedin.com,ibrassilldd,Ca38IS2,Idelle,Brassill,1288 Golden Leaf Street,866-610-3010,2
483,ssueterde@google.es,ssueterde,bhHy6NRNJ,Sunny,Sueter,405 John Wall Court,681-451-7845,1
484,abillettdf@addthis.com,abillettdf,s7mMk1dNZm,Amy,Billett,33013 Meadow Vale Park,994-608-9038,2
485,tedysondg@wikimedia.org,tedysondg,iYJg2Dm5,Trista,Edyson,685 Debra Terrace,670-782-5308,2
486,bdesousadh@sina.com.cn,bdesousadh,fGd9XgJUbJPk,Barbara-anne,DeSousa,056 Fair Oaks Circle,846-601-8122,1
487,ssandeforddi@unesco.org,ssandeforddi,616PVwhzWOuW,Sheila-kathryn,Sandeford,7 Oakridge Center,488-654-9866,2
488,tsharpleydj@psu.edu,tsharpleydj,87Vremz4I5z,Tommy,Sharpley,47954 Mendota Park,146-539-5903,1
489,echetterdk@smh.com.au,echetterdk,OC1p7o,Etta,Chetter,396 Oriole Avenue,768-983-4954,2
490,rcadogandl@weebly.com,rcadogandl,jYCrrIM02qx,Rockie,Cadogan,99 Rigney Park,902-453-6055,1
491,rbruckerdm@linkedin.com,rbruckerdm,5tulOJLXSvEJ,Riane,Brucker,08 Village Center,818-782-8221,2
492,amarinerdn@parallels.com,amarinerdn,szz33zi34EV,Ammamaria,Mariner,5044 Grasskamp Crossing,775-411-6026,2
493,jcordeixdo@xing.com,jcordeixdo,E4NeMNhp5gH3,Juliana,Cordeix,3 Milwaukee Crossing,988-974-1589,1
494,ebensusandp@hhs.gov,ebensusandp,wCKTRoE,Elden,Bensusan,96062 Monument Plaza,155-530-5902,2
495,dmcgeacheydq@infoseek.co.jp,dmcgeacheydq,IcXVz42b,Donaugh,McGeachey,48 Reinke Way,759-924-2929,2
496,csawdaydr@ezinearticles.com,csawdaydr,S9KUI0,Christye,Sawday,2440 Dorton Circle,176-249-8231,1
497,afealyds@amazon.co.jp,afealyds,uZC4Ug8qAgG,Alisa,Fealy,8 Clove Hill,112-714-5443,1
498,credishdt@printfriendly.com,credishdt,7Fe2SKi3,Claresta,Redish,7447 Carey Point,940-923-5294,2
499,cnocklesdu@zimbio.com,cnocklesdu,qLwAbo,Cammi,Nockles,432 Springs Road,826-373-6746,1
500,nbrignelldv@1und1.de,nbrignelldv,XGMNhAHq5IRy,Nani,Brignell,252 Barby Point,463-966-4316,1
501,edanilchenkodw@histats.com,edanilchenkodw,jjUaFWGn2x,Eugenie,Danilchenko,028 Lillian Junction,589-326-9593,2
502,cgethingsdx@toplist.cz,cgethingsdx,cNTZHG,Calla,Gethings,08155 Jay Street,647-222-7934,1
503,cbeadledy@paypal.com,cbeadledy,5OiN6de,Cyndie,Beadle,2 Roxbury Crossing,506-457-9996,1
504,vagneydz@seesaa.net,vagneydz,9X1r05wNVQ,Vincents,Agney,6634 Arrowood Avenue,287-384-2119,1
505,dalesie0@usgs.gov,dalesie0,5OYTvK,Danie,Alesi,87 Canary Park,693-853-8077,1
506,tcaffreye1@google.co.uk,tcaffreye1,4O0qTPnx,Thomasine,Caffrey,36 Lawn Road,971-840-9429,2
507,erosenkrantze2@pagesperso-orange.fr,erosenkrantze2,Ld9cyEOnw,Edita,Rosenkrantz,6604 Harbort Way,176-815-2596,2
508,gweymonte3@multiply.com,gweymonte3,KfBxHVyiN3E,Grenville,Weymont,6390 Rieder Junction,829-606-8810,1
509,tbloxsume4@google.com.hk,tbloxsume4,jCTYItYeOXTN,Tally,Bloxsum,0 Monterey Hill,850-502-9228,2
510,wcurpheye5@nytimes.com,wcurpheye5,f1nSlAE,Willey,Curphey,01 Lillian Drive,559-921-0909,2
511,rgrundere6@biblegateway.com,rgrundere6,4zSLkWCNV,Raphaela,Grunder,76919 Division Alley,807-336-2062,1
512,kmccambridgee7@smh.com.au,kmccambridgee7,E6DMuGHqtREw,Karmen,McCambridge,7 Oak Terrace,234-480-5362,1
513,mtabourine8@mlb.com,mtabourine8,mMTZxz,Marguerite,Tabourin,6512 Merrick Parkway,986-925-5913,2
514,bbryerse9@addthis.com,bbryerse9,wSbATU,Brynne,Bryers,14433 Corscot Center,276-700-2603,1
515,jdjurdjevicea@quantcast.com,jdjurdjevicea,qYy0eL,Joanna,Djurdjevic,77 Raven Drive,482-982-3598,1
516,phighwoodeb@arstechnica.com,phighwoodeb,VXkewfPbor,Prinz,Highwood,3685 Toban Hill,578-756-1325,1
517,sstockmanec@fda.gov,sstockmanec,CDm6Smw,Sydel,Stockman,01324 Surrey Junction,302-115-2461,2
518,hgermoned@imageshack.us,hgermoned,98BFkXZG,Hewett,Germon,76834 Blackbird Alley,862-763-6876,1
519,aglanzee@senate.gov,aglanzee,eLSwWPn,Alida,Glanz,779 Northland Junction,513-562-7788,1
520,aimessonef@chron.com,aimessonef,1jniipTgBuT,Antoine,Imesson,1092 Carpenter Circle,630-752-9079,1
521,medgeleyeg@theglobeandmail.com,medgeleyeg,GfBARjjs9TfQ,Meier,Edgeley,58058 Arapahoe Junction,718-376-1382,1
522,brobenseh@go.com,brobenseh,4KVYnlAox8,Bruce,Robens,604 Delaware Avenue,209-144-8503,1
523,gscollandei@pen.io,gscollandei,hsqbI9o,Gisela,Scolland,44412 Gerald Parkway,977-908-6021,2
524,ebiddwellej@dmoz.org,ebiddwellej,RKS1QZHSbVPB,Eddy,Biddwell,84267 High Crossing Lane,716-422-5283,2
525,gaddyek@berkeley.edu,gaddyek,JSpv3OrkQrY,Grantham,Addy,0 Monument Way,535-665-1972,2
526,kfelderel@hao123.com,kfelderel,kXz4My,Kearney,Felder,7074 Coolidge Court,270-335-9130,1
527,wcaghanem@wordpress.org,wcaghanem,jzJ5CXr9,Wes,Caghan,7373 Mitchell Parkway,543-180-4408,2
528,mcusicken@usgs.gov,mcusicken,quDtLpVG,Meggy,Cusick,646 Bonner Street,120-679-5566,2
529,wcaretteeo@live.com,wcaretteeo,zQJWaLGJSgdM,Wainwright,Carette,28 Haas Alley,376-885-6087,1
530,hmudgeep@php.net,hmudgeep,5L8H0C,Hester,Mudge,819 Sage Park,833-314-4310,1
531,jsutlieffeq@ihg.com,jsutlieffeq,qyYJvlK9DN,Jenni,Sutlieff,63094 Bayside Alley,236-421-2513,2
532,vlakeer@flavors.me,vlakeer,H6W1TMCAQ59,Valentina,Lake,461 East Terrace,811-787-8963,1
533,lswarbrigges@samsung.com,lswarbrigges,VEO2EVM,Laverna,Swarbrigg,8 Iowa Park,809-844-1210,1
534,jwindleyet@prweb.com,jwindleyet,nfBG3bYA9nF,Jeanine,Windley,578 Goodland Alley,317-655-9495,1
535,hnotteu@uiuc.edu,hnotteu,7n009vwQi6Bb,Horatius,Nott,821 Mariners Cove Terrace,334-170-2762,2
536,bbirchenheadev@studiopress.com,bbirchenheadev,AuOAHF,Bertie,Birchenhead,046 Marcy Circle,886-821-0826,1
537,sduckittew@diigo.com,sduckittew,mWLjXodBMUh5,Sibley,Duckitt,18831 Karstens Crossing,721-907-8107,2
538,joreillyex@lycos.com,joreillyex,4WaFxMJ65,Joanna,O'Reilly,03978 Carioca Hill,848-177-0066,1
539,aholdalley@ucsd.edu,aholdalley,5EJdB5qAa,Anita,Holdall,06515 Garrison Pass,461-502-3124,1
540,ayewenez@domainmarket.com,ayewenez,J1HEAQ,Artus,Yewen,22 Debs Avenue,787-498-2610,1
541,mlevenef0@topsy.com,mlevenef0,cK5UvDAu2w,Merna,Levene,0 Ruskin Junction,242-468-7173,1
542,jtimperleyf1@imageshack.us,jtimperleyf1,zWjJ6VV1Gm,Jessa,Timperley,2755 Bultman Plaza,907-898-6014,2
543,hlashfordf2@nasa.gov,hlashfordf2,lLs4tlap,Horatius,Lashford,8765 Stang Circle,987-176-8735,1
544,mrevief3@oaic.gov.au,mrevief3,e7hAZFJ3G,Micky,Revie,28461 Mcguire Pass,602-293-9472,1
545,fabbetf4@webmd.com,fabbetf4,FJhZbz,Florina,Abbet,3 Sunbrook Drive,455-772-3532,2
546,psinnettf5@ed.gov,psinnettf5,fm15Iw,Philippe,Sinnett,87 Mifflin Avenue,874-395-4574,1
547,rrochf6@jalbum.net,rrochf6,AOjtAkP3,Robin,Roch,75 Mariners Cove Way,994-479-9892,1
548,dandreaccif7@mysql.com,dandreaccif7,gxggFsU,Dorella,Andreacci,87997 Manley Lane,178-379-9271,2
549,arayworthf8@scribd.com,arayworthf8,yRP09GI4CW,Amberly,Rayworth,18 Holy Cross Pass,241-554-5815,2
550,lroukef9@huffingtonpost.com,lroukef9,gZvWQmp,Ludvig,Rouke,11 Crownhardt Way,914-294-1574,2
551,cmclemonfa@dedecms.com,cmclemonfa,uGdPoBL,Chandra,McLemon,0116 Sloan Junction,235-291-6773,2
552,gkennyfb@comsenz.com,gkennyfb,xASJMCZ5pRxV,Guillemette,Kenny,32327 Sloan Road,467-140-0455,2
553,kbaxendalefc@umich.edu,kbaxendalefc,sAncx96hYQ,Korry,Baxendale,8635 New Castle Court,647-682-8228,1
554,battwoodfd@bloglovin.com,battwoodfd,XIFMoueStgDl,Brendon,Attwood,32536 5th Crossing,573-624-4940,1
555,pburdikinfe@thetimes.co.uk,pburdikinfe,bCr75iK813,Perla,Burdikin,6 Basil Junction,901-296-5333,2
556,gdarqueff@businessinsider.com,gdarqueff,5pCy7DK1myl,Greg,Darque,361 Moland Center,646-982-1289,1
557,alescopfg@toplist.cz,alescopfg,R2147FVk,Arielle,Lescop,51522 Stang Center,697-414-5399,2
558,dliccardofh@fastcompany.com,dliccardofh,3trqs3IsmF4,Donica,Liccardo,57752 Acker Point,126-878-4987,1
559,gobbardfi@list-manage.com,gobbardfi,b3hpLWxVe,Garek,Obbard,12 Killdeer Lane,950-634-1875,1
560,mklejnafj@usnews.com,mklejnafj,Wjmlviqqp,Magda,Klejna,8 Northview Crossing,812-427-8779,1
561,mklammtfk@economist.com,mklammtfk,bpR5ET,Monty,Klammt,853 Thackeray Circle,805-570-4276,1
562,rdraytonfl@themeforest.net,rdraytonfl,kIHcHtc,Rakel,Drayton,7 Butternut Pass,231-193-9806,2
563,jburwinfm@biblegateway.com,jburwinfm,PC5iDkeqz,Jard,Burwin,21 Sommers Plaza,835-736-4754,2
564,wphilipssonfn@trellian.com,wphilipssonfn,jgILog32,Waylan,Philipsson,153 Crowley Hill,450-297-4261,2
565,nmclenahanfo@seesaa.net,nmclenahanfo,PgEKgcmJlA,Noemi,McLenahan,84505 Stuart Alley,362-764-9094,1
566,myakubovichfp@trellian.com,myakubovichfp,R2jIuiEYwsR2,Mendie,Yakubovich,860 Hazelcrest Lane,616-974-4901,2
567,raschfq@illinois.edu,raschfq,Yq50DH2eJziT,Robin,Asch,2835 Kensington Plaza,288-336-2968,2
568,vraggattfr@aol.com,vraggattfr,0hNfWKCd,Virge,Raggatt,32649 Heffernan Circle,512-829-2587,2
569,hvasinfs@baidu.com,hvasinfs,OFAmYOkRZ,Harriet,Vasin,99 Lakewood Gardens Plaza,513-458-1313,2
570,ojaffaft@parallels.com,ojaffaft,wlFb9g0,Oliviero,Jaffa,904 Golf Course Pass,473-614-7043,2
571,gdregerfu@unesco.org,gdregerfu,WHu0Y6QfYX6C,Garnette,Dreger,91 Forest Run Park,419-142-6601,2
572,jseabonfv@icio.us,jseabonfv,ZgDDuGaQfr0,Jaclyn,Seabon,89412 Bunker Hill Road,366-692-6560,1
573,jkerblerfw@people.com.cn,jkerblerfw,yNoShbilkg,Jaquenette,Kerbler,0351 Nancy Terrace,789-306-8045,2
574,dcamillerifx@ning.com,dcamillerifx,GNQQ3KSDmY,Dana,Camilleri,07 School Crossing,246-495-2607,2
575,chardwellfy@elpais.com,chardwellfy,fufAN3oC,Cooper,Hardwell,973 Jenifer Place,964-607-2448,1
576,dodeeganfz@issuu.com,dodeeganfz,mQLL9i2T,Devlin,O'Deegan,7 Portage Park,163-184-5343,2
577,ctarpeyg0@furl.net,ctarpeyg0,ieAWRGx,Carlynne,Tarpey,5999 Truax Park,545-195-4809,2
578,ygodwyng1@theglobeandmail.com,ygodwyng1,oxc6vVSXC,Yule,Godwyn,902 Bluejay Park,667-758-2046,2
579,nhuegettg2@samsung.com,nhuegettg2,KP7uyw,Nydia,Huegett,5597 Warner Junction,269-186-5190,1
580,aspinellag3@cargocollective.com,aspinellag3,ds9fJnPyWwN,Agnesse,Spinella,83 Kingsford Place,628-588-9098,1
581,shehlg4@sun.com,shehlg4,uiMgQFr8yD,Shauna,Hehl,4 Maple Alley,605-758-1426,1
582,bainsbyg5@trellian.com,bainsbyg5,mZfv8S1bN,Beverley,Ainsby,1 Marcy Alley,700-250-5924,1
583,gantonikovg6@bloglovin.com,gantonikovg6,4G6BN0ByCYDy,Germain,Antonikov,69660 Hintze Alley,304-253-9519,1
584,tpeleg7@soundcloud.com,tpeleg7,dW8hDyvBA,Teodorico,Pele,34 Barby Trail,799-461-0850,1
585,ssemourg8@alexa.com,ssemourg8,siWtpNPaY,Serena,Semour,63 Fordem Avenue,908-884-7237,1
586,fmachentg9@hao123.com,fmachentg9,OkBuSd8jY1E5,Fiann,Machent,059 Surrey Court,329-671-9475,1
587,lstilesga@about.me,lstilesga,gk789VEU,Lyell,Stiles,2083 Comanche Lane,212-421-8679,1
588,bteasergb@artisteer.com,bteasergb,HCexoreqUlg,Broddy,Teaser,1 Lakeland Trail,180-447-2841,2
589,bizhakovgc@microsoft.com,bizhakovgc,iqT3rXQ,Bernetta,Izhakov,3083 Manley Pass,272-238-6612,1
590,rkiddygd@freewebs.com,rkiddygd,JQdKGbX,Rafaelia,Kiddy,13 Trailsway Junction,523-160-6093,1
591,ttrebblege@youku.com,ttrebblege,wWOot5,Teodor,Trebble,33 Doe Crossing Pass,952-979-2494,1
592,tfisbburnegf@nih.gov,tfisbburnegf,E3j2yeUyldk,Toby,Fisbburne,6162 Huxley Alley,419-780-8375,2
593,ewrigglesworthgg@geocities.com,ewrigglesworthgg,qUMTrMbUnnTN,Ev,Wrigglesworth,49 Birchwood Point,940-366-7745,2
594,cpicklessgh@illinois.edu,cpicklessgh,WZdhtdw9,Clarine,Pickless,8989 Magdeline Trail,892-996-9728,1
595,rquantrellgi@mapquest.com,rquantrellgi,Ooy8hEGm2c,Rupert,Quantrell,2 Morningstar Circle,204-664-3765,1
596,klucianigj@ocn.ne.jp,klucianigj,5ejLupE2X64g,Kenton,Luciani,06 Carpenter Trail,872-204-4668,1
597,sondragk@examiner.com,sondragk,VCrYrZP,Silvia,Ondra,156 Hauk Terrace,260-208-3532,2
598,yyakovlevgl@arizona.edu,yyakovlevgl,U9qmp31E27Hn,Yance,Yakovlev,6 Sullivan Crossing,133-503-2188,2
599,lobreengm@amazon.co.jp,lobreengm,hEuWJxRbiYrl,Lanae,O'Breen,644 Ronald Regan Hill,804-411-6862,2
600,astanistreetgn@bizjournals.com,astanistreetgn,AOeKY7l,Avivah,Stanistreet,1016 Namekagon Terrace,143-471-1635,2
601,kfavellgo@google.com.au,kfavellgo,fZA5eFT,Karna,Favell,965 Heath Terrace,477-382-7219,2
602,areillygp@surveymonkey.com,areillygp,HXtsEB,Ara,Reilly,85261 Union Center,470-282-4903,2
603,guridgegq@liveinternet.ru,guridgegq,eamvWk,Grethel,Uridge,459 Jenna Street,105-939-0041,2
604,syuryevgr@wisc.edu,syuryevgr,trxJznqE0GN3,Susanetta,Yuryev,6599 Eagan Crossing,130-714-8916,2
605,zheadrickgs@elpais.com,zheadrickgs,6vHx5tr,Zsa zsa,Headrick,16350 Sullivan Plaza,474-251-7803,2
606,emathougt@shop-pro.jp,emathougt,wzVe75,Edwin,Mathou,23370 Dovetail Point,984-756-3715,2
607,snethercliftgu@uol.com.br,snethercliftgu,4eXzaKheZ,Scotti,Netherclift,11 Clemons Parkway,512-840-7756,2
608,jschultergv@youtube.com,jschultergv,QleN7zuzUztM,Jenine,Schulter,46 Hooker Parkway,774-348-7202,2
609,mchampkinsgw@wikispaces.com,mchampkinsgw,PHssUzZsS,Merna,Champkins,7 Lotheville Parkway,237-296-7241,1
610,fmcturleygx@over-blog.com,fmcturleygx,iayhpfV65h,Franky,McTurley,44 Cottonwood Place,775-785-5484,1
611,jteligingy@discovery.com,jteligingy,0qlkroTKAvy6,Jo-ann,Teligin,26 Bartelt Junction,115-587-8890,1
612,smiguetgz@msu.edu,smiguetgz,QtM7Wh5C2wyH,Susie,Miguet,87 Sutherland Lane,130-550-0492,2
613,cmarchmenth0@aol.com,cmarchmenth0,39LaLIsG,Carie,Marchment,76 Fordem Street,592-557-5633,1
614,ajefferyh1@tiny.cc,ajefferyh1,G2DwRNxVg7vf,Adah,Jeffery,6 Sunbrook Trail,227-943-9615,1
615,dginnalyh2@so-net.ne.jp,dginnalyh2,wt4ZnfeZU,Donal,Ginnaly,5 Pleasure Road,353-378-9245,2
616,cmagauranh3@comsenz.com,cmagauranh3,xgVbGq9c,Cassie,Magauran,62368 Heath Plaza,327-914-8834,2
617,mivashevh4@booking.com,mivashevh4,a9xyMki,Mervin,Ivashev,95889 Norway Maple Plaza,908-898-4755,1
618,jbellowsh5@shinystat.com,jbellowsh5,0Pq9kTKM,Jim,Bellows,01644 Westerfield Circle,466-449-0290,1
619,esumersh6@state.tx.us,esumersh6,QTbiKk7xN,Earlie,Sumers,653 Maryland Trail,337-326-4901,2
620,wcabrerah7@un.org,wcabrerah7,a0vx75ZX,Wolf,Cabrera,22418 Independence Lane,801-598-4499,1
621,gburneh8@chronoengine.com,gburneh8,i9g2ZRW,Granthem,Burne,50 Declaration Park,194-562-5531,2
622,glankhamh9@google.co.uk,glankhamh9,2lzYFgE7,Gabriellia,Lankham,398 Pleasure Hill,599-896-9858,2
623,hheberdenha@cnet.com,hheberdenha,QJObQS,Hewe,Heberden,1 Golden Leaf Junction,273-498-9695,2
624,gbardeyhb@fastcompany.com,gbardeyhb,CBLpJASS0Ip,Godart,Bardey,82523 Jenifer Point,840-507-2781,1
625,eashenhursthc@spotify.com,eashenhursthc,xpUD6Zg,Enrika,Ashenhurst,1825 Ryan Point,595-280-1904,1
626,dsaffonhd@is.gd,dsaffonhd,b3DEBWaYyOA0,Didi,Saffon,661 Anderson Parkway,545-932-6820,1
627,ewaycothe@nationalgeographic.com,ewaycothe,3uv8NTr8,Emlynn,Waycot,24 Paget Park,259-997-0521,1
628,aborzonihf@buzzfeed.com,aborzonihf,Saga6eg9lXC,Audi,Borzoni,58102 Ludington Circle,980-784-3363,2
629,tmitchelyhg@baidu.com,tmitchelyhg,WJdysxb1ef,Tarra,Mitchely,44716 Calypso Hill,553-836-2144,1
630,fmcdirmidhh@discovery.com,fmcdirmidhh,6fVD1Qln3,Fancy,McDirmid,0018 Holy Cross Circle,610-532-2567,2
631,crossboroughhi@whitehouse.gov,crossboroughhi,Ts7XevK,Carole,Rossborough,1110 Transport Hill,414-657-5700,1
632,prehmhj@google.es,prehmhj,XfCwoegC6b7q,Page,Rehm,7 Corben Circle,415-624-8484,2
633,rgotecliffehk@msn.com,rgotecliffehk,gBSvTPNyxoP,Reginald,Gotecliffe,23171 Reindahl Alley,364-795-5492,1
634,agutchhl@rambler.ru,agutchhl,aIkvnSXQqel,Austine,Gutch,084 Mallard Lane,213-686-8868,1
635,esquierhm@house.gov,esquierhm,tJIUqPtfQUVJ,Ermentrude,Squier,14 Clyde Gallagher Way,924-408-0301,2
636,emooringhn@imdb.com,emooringhn,Jl2tQXosm,Egor,Mooring,060 Bartillon Park,363-229-8253,2
637,gmcmillianho@princeton.edu,gmcmillianho,6kXOfZ2Q,Giffy,McMillian,72 Harbort Drive,400-536-7225,2
638,cknaggeshp@walmart.com,cknaggeshp,gYOPVojZOfY,Corilla,Knagges,28537 Mallory Alley,571-971-6213,2
639,ebeveragehq@desdev.cn,ebeveragehq,XsAGGysAJ,Esther,Beverage,35025 Westerfield Street,594-288-0169,2
640,cmongeothr@ucoz.com,cmongeothr,mx2ds4JujMlL,Corbie,Mongeot,9390 Judy Pass,456-195-9316,2
641,mrauprichhs@sciencedirect.com,mrauprichhs,Ie5KFT,Mufinella,Rauprich,7 Drewry Center,501-315-4408,2
642,sfensomeht@fastcompany.com,sfensomeht,Xtw3d7s34,Sayre,Fensome,05 Atwood Lane,438-815-8048,2
643,tmckinlayhu@booking.com,tmckinlayhu,2F0pkrGPd,Timmy,McKinlay,864 Dayton Junction,579-132-1739,2
644,awoollheadhv@psu.edu,awoollheadhv,Zs4fcCpAugy,Ash,Woollhead,37398 Basil Place,915-269-8587,2
645,cworthyhw@guardian.co.uk,cworthyhw,HofwQHdTZrys,Chere,Worthy,0879 Warrior Plaza,687-427-1476,1
646,cmckertonhx@seattletimes.com,cmckertonhx,Y8ZFiS8Sfr8F,Cammi,McKerton,092 Dwight Road,296-372-0483,1
647,fyeileshy@si.edu,fyeileshy,9HXJSKDrBm,Felix,Yeiles,176 Nevada Way,202-245-0601,1
648,mhartzogshz@163.com,mhartzogshz,O4C2KPY5vp,Meier,Hartzogs,1986 Shelley Alley,453-129-7841,1
649,mbennoughi0@forbes.com,mbennoughi0,zqathQgmV,Manya,Bennough,76523 Oriole Lane,302-334-1835,1
650,rtriebneri1@jugem.jp,rtriebneri1,n7oHfmIs,Remington,Triebner,331 Anderson Road,687-859-5036,2
651,hhowgilli2@reuters.com,hhowgilli2,BrrNHHuEIco,Hugibert,Howgill,43218 Ridgeview Pass,620-827-3293,2
652,cpattersoni3@people.com.cn,cpattersoni3,g5SyF6pVS,Cherianne,Patterson,83 Florence Alley,535-393-2836,1
653,molivarii4@aol.com,molivarii4,HryY1vVfsx,Marianne,Olivari,733 Schiller Drive,293-460-8637,1
654,ahoggini5@hp.com,ahoggini5,kpYz58,Adriena,Hoggin,08166 Pleasure Point,616-158-7319,2
655,tkirvelli6@acquirethisname.com,tkirvelli6,pY13W16,Tomasine,Kirvell,10 Basil Pass,192-188-1949,1
656,lwhitticksi7@chronoengine.com,lwhitticksi7,rxIzh1Nd,Laney,Whitticks,660 Harbort Drive,528-227-9151,1
657,hhowmani8@archive.org,hhowmani8,cTeR2ALzZ,Hildagard,Howman,6917 Parkside Trail,944-981-3099,2
658,ccrosteri9@surveymonkey.com,ccrosteri9,A2eMkPqjSB,Catha,Croster,1 Heffernan Park,785-419-4752,2
659,mavrahamovia@nhs.uk,mavrahamovia,wZ6Qrs0XS1fu,Marilee,Avrahamov,7 Mcguire Circle,189-501-6387,2
660,cbussenib@wired.com,cbussenib,6UWpUtu1vhlE,Cross,Bussen,37685 Meadow Valley Junction,276-973-7452,1
661,hbokenic@indiegogo.com,hbokenic,sFtwGM3wrQ6x,Hersch,Boken,2294 Bunker Hill Circle,548-730-2709,1
662,cmildmottid@cdbaby.com,cmildmottid,BLnYeqhe,Casey,Mildmott,255 Redwing Terrace,799-952-8174,2
663,ppedlowie@hhs.gov,ppedlowie,AnQ1gCawPJJf,Pedro,Pedlow,6728 Gulseth Lane,920-413-4831,1
664,aricioppoif@dailymail.co.uk,aricioppoif,7xiyNO,Alberto,Ricioppo,19 Lyons Circle,851-405-3708,2
665,obroseniusig@lulu.com,obroseniusig,7X84sL6bo8dV,Orson,Brosenius,31315 Cody Avenue,229-776-2550,1
666,vrowlandih@angelfire.com,vrowlandih,1RVkRvU5,Violette,Rowland,5 Canary Crossing,253-191-9381,1
667,rgoodmanii@lycos.com,rgoodmanii,JiVzuOr7ChF,Rand,Goodman,81343 Prairieview Street,603-108-1209,1
668,vdabnotij@vistaprint.com,vdabnotij,zsROXmoi7EV,Verine,Dabnot,729 Waubesa Point,611-506-5512,1
669,hbramwellik@tmall.com,hbramwellik,NTWin7Kdxn8,Hobart,Bramwell,36 Eliot Way,571-637-7078,1
670,ejewellil@elpais.com,ejewellil,dF8HheYDl,Eustace,Jewell,92874 Towne Pass,467-379-6679,1
671,rsamwayeim@admin.ch,rsamwayeim,4zxBcQvgs,Reginald,Samwaye,4590 Continental Park,442-399-2456,1
672,tgerauldin@hao123.com,tgerauldin,OhbO1lNu3RT,Trenna,Gerauld,71 Saint Paul Hill,582-356-3589,2
673,apackio@com.com,apackio,bo4tc0i5Pdv,Annabel,Pack,436 Carpenter Circle,685-679-0397,1
674,btampinip@mashable.com,btampinip,zviMJ52km,Bridget,Tampin,51530 Vidon Place,602-901-4962,2
675,hbonifacioiq@photobucket.com,hbonifacioiq,EEIZUstgK,Hurleigh,Bonifacio,680 Caliangt Crossing,903-306-4022,2
676,mvasilyevir@state.tx.us,mvasilyevir,dLPcaCbnpOE,Margaux,Vasilyev,74 North Place,480-435-5704,2
677,dgossopis@ycombinator.com,dgossopis,di5XxxeZU8,Dulciana,Gossop,622 Drewry Lane,898-910-8314,1
678,agillmorit@last.fm,agillmorit,ImUHgb,Amie,Gillmor,816 Kingsford Hill,461-672-0822,2
679,mbottleiu@domainmarket.com,mbottleiu,ChtetEFu,Major,Bottle,60 Porter Place,894-327-3591,1
680,lmcmorraniv@businessinsider.com,lmcmorraniv,muyNw5UBwAAf,Loren,McMorran,2 Browning Street,505-920-0598,2
681,wstanhopeiw@stanford.edu,wstanhopeiw,22AtXiy,Weber,Stanhope,0 Arizona Pass,292-818-2803,2
682,amageeix@360.cn,amageeix,CVCNPuuO,Ashia,Magee,3 Stephen Court,812-650-1956,2
683,jsteaneiy@gmpg.org,jsteaneiy,xsZtrrqCT,Janna,Steane,3 Coolidge Lane,463-137-1994,2
684,slogesiz@addtoany.com,slogesiz,ufLelTsxX4,Sioux,Loges,868 Anderson Way,256-486-4375,1
685,wewingj0@gizmodo.com,wewingj0,1V7Llrmq,Wheeler,Ewing,644 Summer Ridge Lane,164-396-5294,1
686,mcheasmanj1@t.co,mcheasmanj1,M4ImKqE,Mortie,Cheasman,12190 Eastwood Circle,196-573-7190,2
687,bbugdellj2@state.tx.us,bbugdellj2,meq9ALy,Bealle,Bugdell,795 Cherokee Park,829-613-4330,2
688,mspaicej3@gnu.org,mspaicej3,K9f8zWqfWs,Mireielle,Spaice,40 Stoughton Junction,283-820-7878,1
689,mpetricj4@netscape.com,mpetricj4,JwEDkyRT1yQG,Magda,Petric,183 Burning Wood Pass,979-632-6279,1
690,bbalderstonj5@tiny.cc,bbalderstonj5,bbGOJ7F4Dgc,Burlie,Balderston,32363 Continental Plaza,546-897-5617,1
691,zcollocottj6@businesswire.com,zcollocottj6,85pFqKUSiWsU,Zackariah,Collocott,651 Dorton Hill,699-990-3696,1
692,rdallj7@sun.com,rdallj7,5KL0Bl59,Ricki,Dall,9537 Lighthouse Bay Terrace,634-406-4762,1
693,ddeleaj8@mlb.com,ddeleaj8,Zg7AzLeTTFge,Damiano,Delea,1 Amoth Avenue,186-691-2078,1
694,tkilgourj9@cpanel.net,tkilgourj9,OoclAKJ,Tobiah,Kilgour,70657 Sunfield Parkway,947-145-4859,2
695,bcostleyja@globo.com,bcostleyja,zYa4Vm,Britteny,Costley,7 East Point,539-375-1308,2
696,mseyjb@ebay.com,mseyjb,vpbjxLV,Miran,Sey,245 Oxford Hill,940-854-8518,1
697,lbloxholmjc@purevolume.com,lbloxholmjc,FVhTarIXrGn,Lin,Bloxholm,30 Village Place,425-991-3442,1
698,cwoolfordejd@zdnet.com,cwoolfordejd,6xDfp6j9QalB,Ciel,Woolforde,248 Lighthouse Bay Center,964-621-6254,1
699,bkehoeje@who.int,bkehoeje,GLntZ84Tl,Burty,Kehoe,4960 Eastwood Court,383-829-9220,1
700,bfronczakjf@yahoo.com,bfronczakjf,D8gsd9KZSrE,Beale,Fronczak,0362 Amoth Avenue,560-358-7207,1
701,opadillajg@i2i.jp,opadillajg,X4pXF2Eo,Ozzy,Padilla,673 Center Terrace,698-614-3733,1
702,mchuterjh@istockphoto.com,mchuterjh,Ixx8CIpJJ6hb,Marylee,Chuter,1920 Colorado Parkway,924-971-3308,2
703,rhousonji@shareasale.com,rhousonji,5nx1Vqxup,Ronna,Houson,59695 Grover Pass,524-151-8375,2
704,djobbinsjj@ucsd.edu,djobbinsjj,a8kjrXy7ReG,Denyse,Jobbins,547 Anthes Circle,969-913-1215,2
705,cbraysherjk@senate.gov,cbraysherjk,rVOtwK0U,Corny,Braysher,1825 John Wall Parkway,437-522-6858,1
706,fjoddensjl@intel.com,fjoddensjl,HrKX4V0qwi0X,Frants,Joddens,71266 Stephen Road,925-504-0061,2
707,hmunnsjm@vkontakte.ru,hmunnsjm,FTcplb6jFjD,Heinrik,Munns,1922 Elka Place,329-169-4374,2
708,khawardjn@nps.gov,khawardjn,a9aLGQqOF,Karee,Haward,1 Haas Terrace,200-657-1722,2
709,pbonicellijo@whitehouse.gov,pbonicellijo,cWzZT1KEw6g,Pandora,Bonicelli,32885 Vera Park,615-473-3998,1
710,edrewryjp@yellowbook.com,edrewryjp,lmlJxACQg,Elysee,Drewry,5485 Debs Junction,678-741-4239,2
711,tgatheraljq@paypal.com,tgatheraljq,Hn8NLHiKSXH,Tyler,Gatheral,67 Schurz Park,424-602-3693,1
712,rbiglinjr@intel.com,rbiglinjr,s5DD5h7u,Rozella,Biglin,0 Everett Road,927-892-1604,1
713,avillaretjs@weibo.com,avillaretjs,ytfkfm,Alfons,Villaret,24 Oak Valley Pass,999-721-4511,1
714,fkubanjt@amazon.co.uk,fkubanjt,9hCBCX,Florida,Kuban,9 Sundown Street,751-158-4930,2
715,phurlestonju@yahoo.com,phurlestonju,BvYcD7TsAPM,Piper,Hurleston,479 Alpine Street,200-383-2977,1
716,rseelerjv@over-blog.com,rseelerjv,8bhEdpTq2n,Reinhard,Seeler,66 Burning Wood Avenue,336-230-4785,1
717,knelthroppjw@plala.or.jp,knelthroppjw,Nkk7E8vVUheX,Kassandra,Nelthropp,10562 Red Cloud Trail,851-333-4214,2
718,emerredyjx@abc.net.au,emerredyjx,QbiRuHJ6,Ethelind,Merredy,5 Golf View Crossing,847-605-1615,1
719,bratnagejy@mtv.com,bratnagejy,2Mw3eUdbL,Barbee,Ratnage,9655 Menomonie Junction,913-304-4362,2
720,gpennycuickjz@nba.com,gpennycuickjz,XmjjEQpV,Gonzales,Pennycuick,82 Farwell Trail,480-886-1585,2
721,fspottiswoodk0@addthis.com,fspottiswoodk0,c91rCszqkM,Frederik,Spottiswood,29 Atwood Hill,284-934-9329,2
722,ibergstramk1@youku.com,ibergstramk1,qeDDwv3PN,Ivan,Bergstram,753 Darwin Road,547-669-4212,1
723,hgowersk2@independent.co.uk,hgowersk2,UTrdCeNmIjh,Harvey,Gowers,326 Porter Park,145-564-6205,1
724,nsellarsk3@scribd.com,nsellarsk3,8Fl5Jjpg1Vb,Naoma,Sellars,27569 Glacier Hill Road,219-864-0670,2
725,ejiroutkak4@networkadvertising.org,ejiroutkak4,H68cjAjGT6tM,Estrella,Jiroutka,31636 Waywood Way,430-775-8725,1
726,hphidgink5@sphinn.com,hphidgink5,ZXMA9qXbUF,Hermina,Phidgin,26 Becker Avenue,575-985-3216,2
727,swieldk6@oakley.com,swieldk6,ZDd9HDBOoCUZ,Sean,Wield,2948 Gerald Crossing,713-916-2983,2
728,eoveyk7@delicious.com,eoveyk7,JVW4vm,Ellsworth,Ovey,770 Shopko Park,983-420-8520,2
729,hgoodwinsk8@blog.com,hgoodwinsk8,iFBTOv1,Hewe,Goodwins,9 Fieldstone Hill,900-419-8805,2
730,jsheepyk9@paypal.com,jsheepyk9,hMNmVj1OW,Jaymee,Sheepy,3390 Laurel Avenue,247-262-6392,2
731,ebeigka@delicious.com,ebeigka,lv2uAaInuErn,Eugene,Beig,6 Novick Drive,847-610-3515,2
732,sreenkb@techcrunch.com,sreenkb,NCEfpSV,Sherry,Reen,70 Hoepker Plaza,361-970-1803,1
733,lswallowkc@aboutads.info,lswallowkc,ewskQpczkly8,Locke,Swallow,89313 Namekagon Park,967-539-0319,1
734,gbormankd@disqus.com,gbormankd,qY9hH9UMnuXH,Georgina,Borman,32579 Packers Pass,896-356-9482,2
735,gcastelowke@a8.net,gcastelowke,RVyX5AMh,Gordy,Castelow,377 Autumn Leaf Trail,716-293-9937,1
736,kiacivellikf@columbia.edu,kiacivellikf,cFOz3XW5v,Karlens,Iacivelli,208 Londonderry Court,225-466-1177,1
737,fbartolickg@princeton.edu,fbartolickg,uKaDi1MmsDL,Farica,Bartolic,7 Oriole Trail,854-208-3236,1
738,bnewlandskh@salon.com,bnewlandskh,iVFC9A,Bambi,Newlands,0629 Lakeland Pass,404-133-1447,2
739,dmewiski@arstechnica.com,dmewiski,UEEWZddq4Zn,Daisy,Mewis,216 Raven Point,950-420-1682,2
740,nricciardellokj@oaic.gov.au,nricciardellokj,W58SPHQBF,Noel,Ricciardello,4 Pankratz Avenue,870-720-4021,2
741,sheathcotekk@posterous.com,sheathcotekk,7dTfZB,Samaria,Heathcote,361 Amoth Way,662-591-3162,1
742,lpitkinkl@gravatar.com,lpitkinkl,Ssa28l3OViP,Lorrie,Pitkin,30859 Pond Terrace,926-654-1139,1
743,nbayfieldkm@adobe.com,nbayfieldkm,AsyZ4E6,Nike,Bayfield,5708 Porter Junction,565-929-1969,2
744,ncurlingkn@networkadvertising.org,ncurlingkn,Kepuiq,Nobie,Curling,95741 Crescent Oaks Center,564-827-8467,1
745,sforsdickeko@cbsnews.com,sforsdickeko,slN8FTNYRW,Sibbie,Forsdicke,2700 Banding Terrace,396-170-2948,1
746,bmatteonikp@drupal.org,bmatteonikp,U1NjfvoziEeD,Brendin,Matteoni,3 Crescent Oaks Place,116-261-2745,1
747,flammimankq@dagondesign.com,flammimankq,Ikj44BluF6dp,Feodor,Lammiman,05 Straubel Park,108-860-1897,1
748,fvelakr@mozilla.org,fvelakr,a0uIsGbfR4o,Falito,Vela,27202 Basil Point,616-283-8359,1
749,pwoodcroftks@nih.gov,pwoodcroftks,cjfo0qqAic,Pip,Woodcroft,87216 Mcbride Court,105-475-8496,2
750,acoweuppekt@about.com,acoweuppekt,pFDQzrw,Alecia,Coweuppe,217 Morningstar Plaza,701-368-4215,1
751,ymowdayku@quantcast.com,ymowdayku,izPLW0en,York,Mowday,4 Almo Junction,285-958-7089,2
752,fbucklekv@google.com.br,fbucklekv,ToDFyPm,Frankie,Buckle,72829 Sundown Drive,244-576-3128,1
753,kcayserkw@apple.com,kcayserkw,oVNWHliYj0jZ,Kesley,Cayser,2938 Texas Terrace,261-247-9345,1
754,msomerscaleskx@ucoz.com,msomerscaleskx,F5EfoofH6a,Mathilda,Somerscales,91077 Utah Parkway,883-361-2269,2
755,nslymky@behance.net,nslymky,5D6jOJQW,North,Slym,35841 Calypso Circle,362-163-8786,2
756,amorrillkz@bluehost.com,amorrillkz,wxqje6E110k,Archibold,Morrill,6 Aberg Trail,238-120-2545,1
757,givattsl0@pcworld.com,givattsl0,uZjvnTkBW,Gottfried,Ivatts,02575 Stone Corner Way,578-622-0518,1
758,pbylesl1@1688.com,pbylesl1,mjRTnwW9rIF,Pren,Byles,50457 Columbus Pass,925-973-1713,2
759,fgrinishinl2@forbes.com,fgrinishinl2,e7XPGhIb,Flossie,Grinishin,6306 Green Ridge Junction,108-271-7523,1
760,aantonoczykl3@illinois.edu,aantonoczykl3,5bdf1ZFYE,Austin,Antonoczyk,091 Sunbrook Crossing,599-847-2452,2
761,tcleminsonl4@engadget.com,tcleminsonl4,oKn31ZXe,Tremain,Cleminson,4 Mccormick Road,486-790-2930,1
762,fchesel5@tumblr.com,fchesel5,1f05OAUy0,Florencia,Chese,3 Ludington Junction,697-889-2339,2
763,eturlel6@umich.edu,eturlel6,GArxafTk1Hzz,Erda,Turle,986 Bartelt Trail,938-966-4913,2
764,kdufairel7@topsy.com,kdufairel7,fqGvQiXHma5,Kimberlee,Dufaire,51 Anthes Lane,819-720-4804,1
765,dgascarl8@a8.net,dgascarl8,2k70J0eQE8s,Dun,Gascar,01 Nobel Avenue,558-497-4491,1
766,klimpkinl9@google.ru,klimpkinl9,LaDzqSEfW,Koren,Limpkin,2 Dapin Parkway,920-763-6651,2
767,thundeyla@seesaa.net,thundeyla,s6yaJHfi8JzS,Tuesday,Hundey,5396 7th Hill,422-332-3797,2
768,tbroaderlb@epa.gov,tbroaderlb,CFrRS4,Terrye,Broader,39489 Browning Center,208-230-8092,2
769,tflaylc@nifty.com,tflaylc,JDQZYB0hH38F,Thain,Flay,564 Lyons Center,524-205-4710,1
770,bmanuelild@cmu.edu,bmanuelild,t1ezRMI0air,Benedikta,Manueli,50 Trailsway Terrace,176-794-4587,2
771,mschouthedele@tiny.cc,mschouthedele,xaxHJvS,Micheil,Schouthede,5019 Dapin Park,478-676-6126,1
772,jfosherlf@t-online.de,jfosherlf,01Tzi9,Johnna,Fosher,89 Anniversary Street,414-352-3432,2
773,amaccroarylg@indiegogo.com,amaccroarylg,zYCcCEha00,Arlyne,MacCroary,20 Melrose Pass,703-780-8863,1
774,ctanslielh@google.de,ctanslielh,HnBIN5o4VAW,Corrie,Tanslie,6271 Sage Street,898-981-5189,1
775,bhedditchli@deliciousdays.com,bhedditchli,cmyRBPUVQp,Brandais,Hedditch,41 Arapahoe Circle,400-584-0696,1
776,astummeyerlj@jalbum.net,astummeyerlj,NYvpoBfSQxm1,Adiana,Stummeyer,78158 Kings Road,682-161-1718,2
777,pdegoixlk@bing.com,pdegoixlk,F2IY9WZK8ow,Putnam,Degoix,70 Kipling Plaza,470-530-3294,2
778,ewilsdonll@google.fr,ewilsdonll,3fVa7IB,Elliott,Wilsdon,0 Twin Pines Place,858-674-9615,2
779,aleveretlm@i2i.jp,aleveretlm,up9my85,Arlana,Leveret,279 Green Drive,424-758-4015,1
780,scraigieln@cpanel.net,scraigieln,eiL8Y9I,Susi,Craigie,61 Mariners Cove Drive,406-803-3194,1
781,jwhaymanlo@admin.ch,jwhaymanlo,WPP4JL0quhOD,Janka,Whayman,6 La Follette Hill,382-270-0354,2
782,rmckibbinlp@vimeo.com,rmckibbinlp,pQ9F84JjH,Rafe,McKibbin,81915 Glacier Hill Junction,173-785-5932,2
783,sfarebrotherlq@prweb.com,sfarebrotherlq,IDWZzJrcQiG,Selby,Farebrother,258 John Wall Hill,479-121-9191,1
784,nscrowtonlr@last.fm,nscrowtonlr,AI3Lzq,Nicol,Scrowton,358 Bonner Hill,502-813-2553,1
785,rgonsalvols@aboutads.info,rgonsalvols,LaRi2JQ6,Russell,Gonsalvo,6 Ridgeview Crossing,435-498-4926,1
786,cbevarlt@mashable.com,cbevarlt,c3xjuBM,Caldwell,Bevar,2 Schurz Way,611-280-9476,2
787,gpaskinlu@google.nl,gpaskinlu,nRUN6f0tX,Gillie,Paskin,1031 Declaration Point,740-725-3676,1
788,rpostancelv@ask.com,rpostancelv,taqOpl,Roze,Postance,14958 Porter Lane,262-377-2133,2
789,dcobboldlw@biglobe.ne.jp,dcobboldlw,yY61EZ2,Derwin,Cobbold,49054 Cambridge Park,876-738-9855,1
790,bculletonlx@vkontakte.ru,bculletonlx,DsdOmaHow1C,Blakeley,Culleton,66578 Linden Center,342-402-5978,1
791,zdishmonly@mapy.cz,zdishmonly,a34ZjCzGxz,Zia,Dishmon,760 Elka Lane,498-767-7943,1
792,rmaccardlelz@mapquest.com,rmaccardlelz,sRdNX0CBMq,Rikki,MacCardle,7273 Pine View Junction,166-381-3569,1
793,ttimoneym0@arizona.edu,ttimoneym0,0HnUECLX,Tersina,Timoney,917 Tomscot Center,959-409-0179,1
794,mcopnerm1@ftc.gov,mcopnerm1,i1AUUd,Mabel,Copner,7485 Forest Center,306-103-5903,2
795,vmollenm2@ted.com,vmollenm2,oJ2TfVI,Vincent,Mollen,5001 Amoth Point,787-591-3258,1
796,jtrickeym3@google.co.jp,jtrickeym3,BpaYchIO,Jammie,Trickey,9 Vernon Road,120-883-7656,2
797,gsavilm4@eepurl.com,gsavilm4,gEy8bt6kZz,Gary,Savil,1 Esch Center,565-564-5521,2
798,lnibleym5@mapy.cz,lnibleym5,JgswM9c,Leann,Nibley,08 Green Ridge Center,876-305-8924,2
799,bplewesm6@fema.gov,bplewesm6,jO50A8ac,Benita,Plewes,922 Parkside Road,129-944-5954,1
800,hwollastonm7@mysql.com,hwollastonm7,gX6QBWI,Heloise,Wollaston,7 Holmberg Way,740-529-6879,1
801,sballisterm8@typepad.com,sballisterm8,ecK0wSIj,Shelba,Ballister,668 Texas Street,517-115-3373,2
802,jbankhurstm9@slate.com,jbankhurstm9,ksDDBinpWhO,Jermaine,Bankhurst,74008 Atwood Plaza,303-984-3579,2
803,cclausma@qq.com,cclausma,ybGj63dMW,Coleen,Claus,57409 International Court,423-149-1292,2
804,gmcnultymb@army.mil,gmcnultymb,dAt8EUdkSU,Gloriana,McNulty,83 8th Alley,129-184-2843,1
805,apickerinmc@mayoclinic.com,apickerinmc,W4H8uxeepMmY,Anatole,Pickerin,76 Dunning Center,149-772-0864,2
806,hbrillmd@gmpg.org,hbrillmd,Jv3MAsCv22Fs,Hal,Brill,58 Welch Place,471-734-9809,1
807,agunnellme@theguardian.com,agunnellme,IfkQPZp736,Alexi,Gunnell,79530 Vermont Drive,335-241-3142,1
808,mhunstonemf@sun.com,mhunstonemf,VwGbpsYOU,Maxy,Hunstone,46 Rusk Drive,614-853-5301,1
809,dvaseninmg@goo.ne.jp,dvaseninmg,vx2HdOn9c,Delphinia,Vasenin,8 Sunbrook Street,610-834-9243,1
810,jkemmermh@g.co,jkemmermh,whSxqs,Jaimie,Kemmer,80066 Mcbride Crossing,868-761-6677,1
811,ncrichmi@goodreads.com,ncrichmi,3XpJy8MNcQ,Nyssa,Crich,8 Hudson Court,664-325-9736,1
812,jffordemj@examiner.com,jffordemj,HlQgvzir,Jamie,Fforde,47 Birchwood Hill,938-945-7445,2
813,rgossingtonmk@bbb.org,rgossingtonmk,h6M9GL,Radcliffe,Gossington,0247 Kim Court,127-112-4821,2
814,tpoundsml@wiley.com,tpoundsml,RR8A1UhrMe,Tadeo,Pounds,4388 4th Center,267-553-3611,1
815,bgardenermm@shinystat.com,bgardenermm,9OsFSR6Fxefg,Biron,Gardener,532 Everett Circle,555-871-0138,1
816,bverrallsmn@state.tx.us,bverrallsmn,AN0RDqf,Brittney,Verralls,308 Columbus Avenue,412-645-9243,2
817,dfassmanmo@drupal.org,dfassmanmo,ZqMRG7Zs,Drake,Fassman,8 Bartillon Junction,456-885-8708,2
818,clenchenkomp@senate.gov,clenchenkomp,g6TG4R,Cal,Lenchenko,187 Manley Circle,552-377-3223,2
819,vcorstonmq@weather.com,vcorstonmq,D6nVf2iAF7e,Verena,Corston,22 Algoma Pass,894-721-7146,1
820,sbaudassomr@blogtalkradio.com,sbaudassomr,kNWj22ubm7x,Susan,Baudasso,97 Algoma Trail,794-808-9852,1
821,fcoppledikems@icq.com,fcoppledikems,x6CwzxU2V,Farrel,Coppledike,45 Bonner Point,698-773-8141,1
822,aibbottmt@sbwire.com,aibbottmt,gr5kfi6W,Andrei,Ibbott,59 North Circle,133-436-2604,2
823,amoiseymu@nbcnews.com,amoiseymu,s7qyzsxO,Ara,Moisey,1343 Mosinee Drive,141-776-4060,2
824,gwathellmv@printfriendly.com,gwathellmv,xqrxQzs6Kd,Garwin,Wathell,7386 Susan Way,247-291-2892,2
825,zatthowmw@homestead.com,zatthowmw,OGisMbkBG,Zach,Atthow,90 Fair Oaks Crossing,951-481-7098,2
826,sthorntonmx@scribd.com,sthorntonmx,2HWFTUKii3on,Shauna,Thornton,38 East Plaza,115-324-4895,1
827,umacmorlandmy@apache.org,umacmorlandmy,DasMOy,Ursola,MacMorland,0987 Lighthouse Bay Center,150-982-0198,1
828,gbryettmz@si.edu,gbryettmz,2kH1j4VfN8ER,Glenden,Bryett,42 Cardinal Trail,349-812-0188,1
829,rleinthalln0@google.de,rleinthalln0,041baMwU5,Reinwald,Leinthall,902 Roth Alley,682-979-8175,2
830,bathown1@comsenz.com,bathown1,oHPWeeaoy,Babette,Athow,66 Lien Park,220-601-6651,1
831,dvernazzan2@weebly.com,dvernazzan2,dQJd7z,Dennie,Vernazza,5 Namekagon Pass,271-494-5854,1
832,mmaccaffertyn3@msn.com,mmaccaffertyn3,elVbYbvLc,Modestine,MacCafferty,6397 Basil Lane,418-421-0331,1
833,hpadillon4@usa.gov,hpadillon4,Nu9Lua,Hallie,Padillo,34 Norway Maple Circle,607-628-6726,2
834,vfearesn5@vinaora.com,vfearesn5,Tsy0djaAf7D,Vladamir,Feares,4 Anzinger Park,531-272-2741,2
835,aorringn6@blogtalkradio.com,aorringn6,Igx6JW0t,Annissa,Orring,4877 Declaration Road,291-679-4775,2
836,sbeamentn7@exblog.jp,sbeamentn7,FKjH8hL9xhoA,Shelley,Beament,62 Cherokee Circle,958-732-0019,2
837,kgaynen8@shutterfly.com,kgaynen8,iT0Zg7WA,Karola,Gayne,7 Ronald Regan Circle,449-270-2012,1
838,jolandan9@businessweek.com,jolandan9,HqYfsVj66Jk,Janaya,Olanda,46 Drewry Street,946-855-6497,1
839,hmussolinina@ocn.ne.jp,hmussolinina,koyoVHlcCEp,Hamlen,Mussolini,5396 Jenna Junction,626-428-6439,1
840,llarwaynb@pen.io,llarwaynb,8oKqbY,Lidia,Larway,75 Miller Center,219-890-1092,1
841,rcroixnc@theglobeandmail.com,rcroixnc,cieeAFd,Reinhold,Croix,78 Sherman Park,277-559-2677,2
842,hlongworthnd@cyberchimps.com,hlongworthnd,DAV5uEr6x,Harlin,Longworth,93392 Sugar Point,325-256-1820,2
843,sgreeninne@google.co.uk,sgreeninne,gse8Kv1xS,Si,Greenin,26563 Ridgeway Avenue,392-159-6191,1
844,ljorisnf@businessweek.com,ljorisnf,e5uXfBJSs,Lem,Joris,66964 Ruskin Parkway,392-857-6900,2
845,baucottng@huffingtonpost.com,baucottng,aWcmd41,Byrle,Aucott,66126 John Wall Place,215-193-6080,1
846,uduigannh@salon.com,uduigannh,AVkMNeMMIu,Ursola,Duigan,65 Mockingbird Point,683-938-2191,1
847,nbattamsni@mit.edu,nbattamsni,ioZWqghEYZ5,Noak,Battams,297 Tennyson Street,746-780-4100,2
848,ablodgnj@miibeian.gov.cn,ablodgnj,lvTDI2auZiVk,Aubert,Blodg,0 Towne Hill,450-639-6642,2
849,ckosiadank@technorati.com,ckosiadank,wMfNPf,Constancy,Kosiada,565 Bartillon Road,320-976-6737,2
850,hchaulknl@a8.net,hchaulknl,iMQO8XK1E,Hillel,Chaulk,5 Hovde Court,661-501-1721,2
851,nkedgenm@usa.gov,nkedgenm,0TGYEc3N,Nikita,Kedge,0233 Truax Crossing,581-526-0150,1
852,ipetrozzinn@youku.com,ipetrozzinn,Awh8Dv,Ignace,Petrozzi,54 Melrose Street,505-376-4658,1
853,cberesfordno@tumblr.com,cberesfordno,8S8TqhqlI,Claudia,Beresford,1 Clove Street,119-563-5031,2
854,ecamlinnp@springer.com,ecamlinnp,xVtjE859Cou,Evelyn,Camlin,6 Old Gate Point,113-820-9544,1
855,peschnq@jalbum.net,peschnq,ELGk5RZl,Pris,Esch,82246 Golf View Alley,681-894-9606,1
856,danlaynr@auda.org.au,danlaynr,Rdn2wTbUhmG,Dukie,Anlay,87 Vera Pass,696-341-9690,1
857,jwharinns@nsw.gov.au,jwharinns,mFUpHt1ge,Jermaine,Wharin,0 Wayridge Trail,828-888-0840,2
858,akonradnt@webmd.com,akonradnt,0YwVMF,Arlinda,Konrad,1619 Oxford Plaza,503-286-0467,1
859,clillistonenu@shinystat.com,clillistonenu,PDm11ljD,Crista,Lillistone,85 Elgar Point,686-246-9195,2
860,jroomenv@imdb.com,jroomenv,9hyLp3n,Jerrome,Roome,8 New Castle Junction,617-695-2814,1
861,cgainsburghnw@cyberchimps.com,cgainsburghnw,ugyz51GRASQG,Cobbie,Gainsburgh,7334 Meadow Valley Trail,487-652-1315,2
862,bbeeknx@bluehost.com,bbeeknx,kX7uO2,Bart,Beek,8 Prentice Circle,679-933-2360,1
863,dyoungsny@smugmug.com,dyoungsny,FCIAy4un,Dell,Youngs,9815 Butterfield Plaza,723-458-2047,2
864,mrambadtnz@slideshare.net,mrambadtnz,4Av0s4,Michelle,Rambadt,39 Eagan Terrace,203-300-0546,1
865,reastmeado0@stumbleupon.com,reastmeado0,QCGSNMyVy77,Russ,Eastmead,41229 Surrey Avenue,866-285-3978,1
866,tjerwoodo1@springer.com,tjerwoodo1,hDY0kmolQvY,Tiphany,Jerwood,09633 Manufacturers Hill,522-385-7766,1
867,ciddenso2@blogspot.com,ciddenso2,dAMz1ZhWnpo2,Carly,Iddens,6282 Elka Way,685-192-5713,2
868,gkeesmano3@prweb.com,gkeesmano3,DOv3tR,Gerti,Keesman,43 Pennsylvania Lane,942-492-6759,2
869,cwhitehorneo4@ftc.gov,cwhitehorneo4,re2BjS5P4n,Cate,Whitehorne,798 Rusk Road,638-566-6356,2
870,bschechtero5@hhs.gov,bschechtero5,sMds9f,Brodie,Schechter,382 5th Pass,904-695-0253,1
871,mrosbergo6@washingtonpost.com,mrosbergo6,P95cGiK,Mabel,Rosberg,9791 Goodland Trail,310-337-4491,1
872,fbelchemo7@mediafire.com,fbelchemo7,ZlAlGyI6,Friedrich,Belchem,45 Veith Drive,435-229-6907,1
873,ktwinno8@about.com,ktwinno8,R5As353UIsZ,Kynthia,Twinn,4 Green Point,994-918-0095,1
874,glabuschagneo9@drupal.org,glabuschagneo9,exYO6WYsn,Gretna,Labuschagne,1979 Buhler Road,542-666-2267,2
875,rloadsmanoa@tamu.edu,rloadsmanoa,P1wY2y,Roch,Loadsman,1 Brown Junction,435-921-3127,1
876,mpineob@i2i.jp,mpineob,kplUK8pcxu,Marty,Pine,7888 Killdeer Point,367-107-8778,2
877,aboutwelloc@hibu.com,aboutwelloc,KgKEev,Alexandrina,Boutwell,831 Maple Street,915-859-5611,1
878,lbucktroutod@archive.org,lbucktroutod,nmLvto7zhUQ,Latashia,Bucktrout,55 Brickson Park Crossing,866-215-1097,1
879,cpennialloe@bravesites.com,cpennialloe,xTmH6q9sPLMt,Clementina,Penniall,06 Springview Center,546-688-5859,2
880,mslocombof@simplemachines.org,mslocombof,DLpwunZiH5A8,Mac,Slocomb,2 Glacier Hill Plaza,745-903-2320,1
881,rstevenog@desdev.cn,rstevenog,zSPBMpPT07,Rich,Steven,087 Oriole Trail,852-878-9507,2
882,zdanielskyoh@tinypic.com,zdanielskyoh,K974fnvserl,Zaccaria,Danielsky,145 Express Pass,702-844-9349,1
883,hslimmonoi@facebook.com,hslimmonoi,d3SZnT,Hugo,Slimmon,548 Southridge Parkway,253-374-3504,1
884,tbrontoj@nbcnews.com,tbrontoj,hjk6TPTvj,Tiffie,Bront,519 Charing Cross Plaza,192-926-4762,1
885,isidlowok@ocn.ne.jp,isidlowok,2XWrYZG,Ivonne,Sidlow,926 Rockefeller Place,259-485-4483,1
886,hburrowsol@reference.com,hburrowsol,efmGchZDZts,Hetti,Burrows,555 Waubesa Crossing,931-481-1835,1
887,slishmundom@acquirethisname.com,slishmundom,zyM6OBstnO,Scot,Lishmund,1516 Messerschmidt Alley,905-336-9862,1
888,pbroadbearon@aol.com,pbroadbearon,57fMYiF,Pincus,Broadbear,15960 Magdeline Hill,779-651-8004,2
889,setchellsoo@google.com,setchellsoo,LVPufiIWj,Sterling,Etchells,7 Hauk Place,574-754-9133,1
890,gshildrakeop@howstuffworks.com,gshildrakeop,323VTd,Gunner,Shildrake,7773 Eastlawn Plaza,980-189-5585,1
891,kguslonoq@gov.uk,kguslonoq,gUUPpAWng9W,Kermy,Guslon,7804 Delladonna Drive,836-551-9168,1
892,apedlaror@yahoo.co.jp,apedlaror,KzE7EuuKo,Asher,Pedlar,721 Pennsylvania Drive,966-812-7393,2
893,fseaborneos@homestead.com,fseaborneos,CkN7z1s3ZY,Flora,Seaborne,80739 American Street,545-930-4641,2
894,gkienzleot@umich.edu,gkienzleot,L2O4u5D4B,George,Kienzle,46688 Oriole Terrace,418-368-6083,1
895,rkeeganou@ebay.co.uk,rkeeganou,dbfH49C,Rheba,Keegan,7688 Hagan Road,945-639-3167,2
896,ifreethov@ca.gov,ifreethov,A5QVL3QYyu,Isidro,Freeth,145 Stone Corner Point,340-462-8367,1
897,fkmentow@nytimes.com,fkmentow,SoImeJDXs,Frederik,Kment,832 Springview Street,189-670-5405,2
898,fbresnenox@odnoklassniki.ru,fbresnenox,g049ESi9WCTn,Filbert,Bresnen,46 Elmside Plaza,269-674-6034,2
899,wrisbyoy@amazon.co.uk,wrisbyoy,a2EPQIMzs99,Winona,Risby,8661 Columbus Center,998-219-0860,1
900,dphlippsenoz@walmart.com,dphlippsenoz,zPgXQu5,Dev,Phlippsen,6 Old Gate Terrace,808-259-4382,1
901,dpetigrewp0@printfriendly.com,dpetigrewp0,faZjH9kB,Donovan,Petigrew,2 Spenser Junction,683-940-8771,1
902,rgunningp1@shop-pro.jp,rgunningp1,TNG1ZmRVK,Roderic,Gunning,9 Carpenter Drive,621-799-6088,2
903,mlylesp2@marketwatch.com,mlylesp2,ybuAqVSk,Marlyn,Lyles,3 Rieder Street,896-676-2899,2
904,mhalvorsenp3@woothemes.com,mhalvorsenp3,S4WOidMTCVP,Meghann,Halvorsen,82775 Chinook Drive,169-880-5914,2
905,ehadlowp4@free.fr,ehadlowp4,zBVbK1qg7lG,Enrica,Hadlow,9802 American Ash Court,527-209-6206,2
906,jlapreep5@acquirethisname.com,jlapreep5,epZi1hzfSS,Jacquie,Lapree,7765 Bobwhite Circle,152-408-0965,1
907,bleahyp6@e-recht24.de,bleahyp6,7uBp60,Birdie,Leahy,7 Jenna Road,442-593-7841,2
908,pbedinnp7@timesonline.co.uk,pbedinnp7,QoQ6Cc1ka,Peggy,Bedinn,8 Moulton Street,442-521-1303,1
909,bflemingp8@chronoengine.com,bflemingp8,ZNwSAkFBh4,Bartel,Fleming,0 Cascade Parkway,949-334-2635,2
910,abricketp9@mayoclinic.com,abricketp9,C0N44gC,Angeline,Bricket,4800 Forster Court,428-981-0932,1
911,acradypa@plala.or.jp,acradypa,brvuwvk,Arlette,Crady,991 Waywood Hill,227-679-2666,2
912,wchappelowpb@fc2.com,wchappelowpb,K5uKX0J7,Walliw,Chappelow,59195 Schmedeman Terrace,376-785-7115,1
913,mwaghornpc@opensource.org,mwaghornpc,fxl0pfPCKn88,Mel,Waghorn,82722 Schmedeman Road,809-459-2766,2
914,dpharopd@wired.com,dpharopd,Eddq9JO5PPBc,Derry,Pharo,00178 Arkansas Drive,530-575-3147,1
915,swaferpe@nbcnews.com,swaferpe,tF188x67G2km,Sheeree,Wafer,35 Northridge Crossing,716-902-2152,1
916,pmowsdellpf@unicef.org,pmowsdellpf,O1NCPx,Patrice,Mowsdell,9 Heffernan Plaza,662-749-5405,1
917,cvannozziipg@icq.com,cvannozziipg,a3BXYl7lQ,Candy,Vannozzii,8 Eagan Trail,712-329-9147,2
918,bpiresph@icio.us,bpiresph,eHPfxAaT,Bradford,Pires,62487 Jay Junction,239-415-6303,1
919,mbreckwellpi@berkeley.edu,mbreckwellpi,eGnCU8poP,Merralee,Breckwell,72 Heath Point,554-730-0676,2
920,araratypj@wufoo.com,araratypj,8mH1Ssn,Albina,Raraty,8 Boyd Lane,916-701-7904,2
921,osharpouspk@spiegel.de,osharpouspk,ajat375P,Olly,Sharpous,3560 Bobwhite Hill,605-362-6113,1
922,ecatanheirapl@blogtalkradio.com,ecatanheirapl,oP5Kzm7x2wg,Elita,Catanheira,0 Hansons Junction,223-588-2395,2
923,eandrolettipm@about.me,eandrolettipm,lDAwTVMc5t7,Emmye,Androletti,050 Pearson Drive,806-915-1998,1
924,lmacfallpn@acquirethisname.com,lmacfallpn,6GTW7RqE5G6M,Lammond,MacFall,53221 Sycamore Place,954-460-1608,1
925,pvondrakpo@dyndns.org,pvondrakpo,fP4KSFjbqddr,Pierette,Vondrak,12 Mendota Park,340-123-3065,2
926,tsheranpp@feedburner.com,tsheranpp,lGxczwa8dl,Tonya,Sheran,246 Pond Point,795-385-1712,2
927,sthursfieldpq@surveymonkey.com,sthursfieldpq,KLEtzMsNgASH,Sandi,Thursfield,6 Forest Dale Circle,493-496-3595,2
928,rallnattpr@hostgator.com,rallnattpr,QeEB94SIWSGv,Rycca,Allnatt,75489 Crescent Oaks Terrace,744-326-9283,2
929,jbeeresps@statcounter.com,jbeeresps,EJdboFzNG,Julianna,Beeres,80976 Saint Paul Street,943-546-9904,1
930,eroydonpt@theguardian.com,eroydonpt,kLrXi3eWWty,Eliot,Roydon,62 Haas Way,390-788-7235,2
931,jferrilliopu@edublogs.org,jferrilliopu,Rok9eS0HR0z,Jere,Ferrillio,87 Maple Wood Terrace,240-761-4104,1
932,bwoolmingtonpv@paypal.com,bwoolmingtonpv,5MAnuR,Brady,Woolmington,94 John Wall Drive,139-667-7314,1
933,kgurdenpw@princeton.edu,kgurdenpw,VrSBvXRQ125x,Krystalle,Gurden,85112 Prairie Rose Way,396-520-3614,1
934,ftummonspx@zdnet.com,ftummonspx,RqPayDxP5OF6,Fay,Tummons,423 Del Mar Avenue,141-877-6095,1
935,dpaicepy@instagram.com,dpaicepy,5Dvcb07q1DL,Dominic,Paice,8 Armistice Parkway,833-268-6454,2
936,cattreepz@ca.gov,cattreepz,6haDT3sYbIv,Christoper,Attree,36 Reindahl Alley,371-196-7571,2
937,sreichertq0@sourceforge.net,sreichertq0,3PmvSiPe,Shelton,Reichert,5048 Scoville Circle,435-593-1093,1
938,deasthamq1@flickr.com,deasthamq1,Xzc7SHkzO,Dru,Eastham,90131 Annamark Avenue,325-792-9880,1
939,faimq2@yelp.com,faimq2,cgwrM3E,Fiorenze,Aim,915 Sycamore Center,153-987-6218,1
940,drobbertsq3@paginegialle.it,drobbertsq3,y8iRw5LMB,Donavon,Robberts,833 Lukken Pass,355-399-1141,1
941,gwilcockeq4@imgur.com,gwilcockeq4,pd5ojAbQ,Gayleen,Wilcocke,0406 Bartillon Pass,455-849-1666,2
942,mraymenq5@vk.com,mraymenq5,D4I8jKY,Myrvyn,Raymen,885 Thierer Terrace,479-989-9790,2
943,abromigeq6@youtu.be,abromigeq6,qIOuda24u,Alyssa,Bromige,3 Mcbride Plaza,840-936-7524,1
944,amichaelq7@ehow.com,amichaelq7,zx8I7ik0ORT,Alastair,Michael,1 Vermont Road,808-695-2090,2
945,cwinnettq8@comcast.net,cwinnettq8,vbECCvGpZBPL,Charis,Winnett,96 Duke Park,206-728-2049,2
946,mbowleq9@earthlink.net,mbowleq9,uUfGsP1oLf,Meade,Bowle,27 Park Meadow Pass,765-564-3177,1
947,umateoqa@artisteer.com,umateoqa,yh9N8Qb20Hc,Ulrikaumeko,Mateo,6 Prentice Circle,117-932-8005,1
948,jneilandqb@pinterest.com,jneilandqb,6KvgA2R,Judas,Neiland,0 Spaight Avenue,977-664-8352,2
949,edodleqc@macromedia.com,edodleqc,BWlxSitK0qw,Elora,Dodle,4 Helena Drive,670-832-4582,2
950,gbranchqd@soup.io,gbranchqd,kiyrmy1,Gaby,Branch,98 Spohn Parkway,483-473-3140,2
951,cferrarelloqe@independent.co.uk,cferrarelloqe,apvb4FVj,Clementius,Ferrarello,5 Loeprich Parkway,978-979-3048,1
952,dplomqf@blogs.com,dplomqf,GYQvbYmw,Donalt,Plom,6 Manitowish Crossing,595-375-2377,2
953,bpothergillqg@shinystat.com,bpothergillqg,2wnsfgc,Batholomew,Pothergill,88 Anderson Parkway,899-860-1241,2
954,aburlingqh@macromedia.com,aburlingqh,x9MyeD,Abbe,Burling,71 Lakeland Court,123-119-1115,2
955,cwiperqi@ustream.tv,cwiperqi,m2K4Qz,Cordelia,Wiper,0976 Surrey Point,823-841-9138,2
956,qhuttonqj@state.gov,qhuttonqj,wMqfRLBpcZ4d,Quinton,Hutton,36931 Waywood Center,998-631-4368,1
957,gdelgadilloqk@webnode.com,gdelgadilloqk,UDhdFD,Giselle,Delgadillo,89961 Vidon Street,901-557-2579,2
958,dtantiql@nifty.com,dtantiql,bsVrIScy,Dew,Tanti,11861 Algoma Junction,993-769-8537,2
959,ddjorvicqm@tiny.cc,ddjorvicqm,qY8bHck,Daniel,Djorvic,30125 Atwood Drive,283-207-6579,2
960,rbacopqn@senate.gov,rbacopqn,rkwgwJ,Robby,Bacop,03425 Brentwood Road,949-486-5507,1
961,gcammqo@miitbeian.gov.cn,gcammqo,iHPaR1Uz,Gweneth,Camm,2574 Ridgeview Crossing,805-616-3277,1
962,jmccroneqp@craigslist.org,jmccroneqp,LmId0z2,Julianna,McCrone,967 Vidon Crossing,470-471-8121,1
963,hscotfordqq@digg.com,hscotfordqq,3wLxVwYS8iOm,Hugibert,Scotford,70 Sherman Alley,774-341-1249,1
964,slorenzqr@unesco.org,slorenzqr,SNocI0,Sheppard,Lorenz,9543 Ludington Hill,410-417-3479,1
965,lthornhamqs@cam.ac.uk,lthornhamqs,a2y7kXglYjZ,Lanny,Thornham,946 Porter Plaza,489-874-8520,2
966,alloydsqt@dion.ne.jp,alloydsqt,OEED7kFi2,Arielle,Lloyds,6 Roth Junction,285-104-0790,2
967,dglisenanqu@creativecommons.org,dglisenanqu,2oYrrdHQV,Dawn,Glisenan,3536 Buhler Alley,893-121-7053,2
968,bleipnikqv@devhub.com,bleipnikqv,lRFGIWykLX,Benoite,Leipnik,08 Prairie Rose Street,810-271-0571,1
969,gdurbynqw@noaa.gov,gdurbynqw,5lDzCSsspsi,Giff,Durbyn,90 Transport Avenue,483-366-7042,1
970,mcausierqx@gizmodo.com,mcausierqx,RVfDAXUJAyK,Misha,Causier,70150 Gateway Avenue,874-291-8588,2
971,cpashenqy@privacy.gov.au,cpashenqy,PTkxPQQ1Y,Cinda,Pashen,5 Birchwood Lane,417-472-0316,1
972,ggreenanqz@virginia.edu,ggreenanqz,fNn0XPJM,Guinna,Greenan,4 Mifflin Drive,320-990-2010,2
973,egianettir0@imdb.com,egianettir0,EUIrAidbDP,Edyth,Gianetti,3 Scoville Crossing,621-618-3258,2
974,jneater1@desdev.cn,jneater1,lb27ofK,Jervis,Neate,1 Sunfield Avenue,141-570-8555,2
975,rroddar2@smugmug.com,rroddar2,QoUaPlxsUn,Renell,Rodda,0 Tony Circle,607-476-4404,1
976,dleathleyr3@hubpages.com,dleathleyr3,DAyqi7nIy,Dennison,Leathley,9883 Coolidge Park,128-931-7689,1
977,maldersr4@addtoany.com,maldersr4,FjSp2XvqB8,Meredithe,Alders,6 Victoria Trail,713-105-7356,1
978,sthinnr5@gizmodo.com,sthinnr5,O6T7oFGKq4,Susan,Thinn,6 Blaine Place,263-835-5474,2
979,jbodler6@statcounter.com,jbodler6,FpkTQwhy8oc,Jermayne,Bodle,2350 Westridge Parkway,335-818-8265,1
980,rtollfreer7@skyrock.com,rtollfreer7,RFOhtZ9g,Rhonda,Tollfree,348 Knutson Way,197-721-6338,2
981,psidworthr8@bravesites.com,psidworthr8,kAVNgCK,Paulina,Sidworth,5718 Red Cloud Street,436-299-8958,1
982,mfairbeardr9@fc2.com,mfairbeardr9,oom0y6,Miles,Fairbeard,25 Namekagon Circle,741-616-9344,2
983,tshatliffera@dot.gov,tshatliffera,AhDkoKoQGQf,Tersina,Shatliffe,0943 Trailsway Place,925-334-4131,1
984,rdeeleyrb@netlog.com,rdeeleyrb,lXJYEPRYGY,Ros,Deeley,5 Nelson Way,278-429-7266,1
985,mtebbothrc@cocolog-nifty.com,mtebbothrc,QNlhvJdkQ,Merrick,Tebboth,58916 Golf Drive,409-116-4587,1
986,jlysaghtrd@issuu.com,jlysaghtrd,arVTxAMGdbV,Junie,Lysaght,362 Kingsford Pass,125-305-8335,1
987,rnovakovicre@hostgator.com,rnovakovicre,xQXyGDf,Raymund,Novakovic,938 Rutledge Alley,875-322-1768,2
988,mdowrf@usnews.com,mdowrf,re7svwg5mt,Murvyn,Dow,3 Vernon Pass,668-154-8687,2
989,efarnishrg@discuz.net,efarnishrg,8O5yc7B,Early,Farnish,1872 Corben Street,910-221-3630,2
990,lgooddyrh@mapy.cz,lgooddyrh,corLgtwe,Lucita,Gooddy,97 Susan Road,941-806-5792,2
991,grattrieri@wired.com,grattrieri,hxT0sL,Grover,Rattrie,95 Briar Crest Crossing,105-401-6663,2
992,crobertrj@netvibes.com,crobertrj,Xm0aqvPB7bM,Carie,Robert,219 Esker Plaza,193-585-5448,1
993,gbelchamrk@usnews.com,gbelchamrk,uNZMfUVM,Gaye,Belcham,6 Hintze Center,369-235-4374,1
994,dgironerl@amazon.com,dgironerl,85ZgNg4SG,Dulcinea,Girone,400 Eastlawn Center,452-915-4770,2
995,ksteffansrm@si.edu,ksteffansrm,fanQI54,Kizzie,Steffans,80818 Shasta Avenue,948-439-0883,1
996,fsurridgern@1688.com,fsurridgern,0i0ls4aV,Floyd,Surridge,746 Utah Way,383-644-7135,2
997,tgirkinsro@webmd.com,tgirkinsro,D4JVgOFpjdR,Timmy,Girkins,4488 Bunting Terrace,597-480-1586,2
998,aaizicrp@goo.gl,aaizicrp,sex44Jtvse,Amandy,Aizic,7595 Gina Parkway,236-844-8022,2
